BinLocationName,ArticleSKU
FK01-1-A,PRO-00-10757-5
FK01-1-B,PCK-00-102736-5
FK01-2-A,PHF-11-10164-3
FK01-2-B,SPI-00-50086-5
FK01-3-A,PHF-11-10404-3
FK01-3-B,SPI-00-90513-5
FK01-4-A,PHF-11-10074-3
FK01-4-B,SPI-00-11653-5
FK01-5-A,PHF-11-10187-3
FK01-5-B,SPI-00-90514-5
FK01-6-A,PRO-00-90573-5
FK01-6-B,PHF-11-10695-3
FK01-7-A,PHF-11-117329-3
FK01-7-B,SPI-00-50085-5
FK01-8-A,SPI-00-50084-5
FK01-8-B,PHF-11-10839-3
FK02-1-A,PHF-11-10074-3
FK02-1-B,PCK-00-102736-5
FK02-2-A,PRO-00-10147-5
FK02-2-B,SPI-00-90518-5
FK02-3-A,PRO-00-143896-5
FK02-3-B,SPI-00-11650-5
FK02-4-A,DAI-11-100317-5
FK02-4-B,SPI-00-101532-5
FK02-5-A,DRY-00-001702-5
FK02-5-B,DRY-00-10460-5
FK02-6-A,DAI-11-100318-5
FK02-6-B,DRY-00-001704-5
FK02-7-A,PHF-11-102522-3
FK02-7-B,PRO-00-50340-5
FK02-8-A,DRY-00-001705-5
FK02-8-B,PHF-11-10791-3
FK03-1-A,PHF-11-10187-3
FK03-1-B,PCK-00-102736-5
FK03-2-A,PHF-11-10164-3
FK03-3-A,PHF-11-00016-3
FK03-3-B,SPI-00-90522-5
FK03-4-A,PHF-11-132613-5
FK03-4-B,PRO-00-115524-5
FK03-5-A,PHF-11-10304-3
FK03-5-B,DRY-00-141335-5
FK03-6-A,PHF-11-10404-3
FK03-6-B,PRO-00-50292-5
FK03-7-A,PRO-00-123234-5
FK03-7-B,SPI-00-90523-5
FK03-8-A,PHF-11-10433-3
FK03-8-B,PRO-00-123235-5
FK04-1-A,PRO-00-10735-5
FK04-1-B,PCK-00-102736-5
FK04-2-A,PHF-11-10164-3
FK04-2-B,SPI-00-90516-5
FK04-3-A,PRO-00-136070-5
FK04-3-B,SPI-00-90521-5
FK04-4-A,PHF-11-10433-3
FK04-4-B,SPI-00-90515-5
FK04-5-A,PHF-11-150274-5
FK04-5-B,SPI-00-002728-5
FK04-6-A,DRY-00-10474-5
FK04-6-B,SPI-00-90520-5
FK04-7-A,PHF-11-10299-3
FK04-7-B,DRY-00-10277-5
FK04-8-A,DRY-00-10012-5
FK04-8-B,PHF-11-10692-3
FK05-1-A,PHF-11-10074-3
FK05-1-B,SPI-00-11573-5
FK05-2-A,PHF-11-10164-3
FK05-2-B,SPI-00-12074-5
FK05-3-A,PRO-00-10760-5
FK05-3-B,SPI-00-12021-5
FK05-4-A,PHF-11-10107-3
FK05-4-B,PRO-00-10716-5
FK05-5-A,PRO-00-90460-5
FK05-5-B,SPI-00-90513-5
FK05-6-A,PRO-00-90573-5
FK05-6-B,SPI-00-101536-5
FK05-7-A,PRO-00-90459-5
FK05-7-B,SPI-00-11574-5
FK05-8-A,PHF-11-132610-5
FK05-8-B,PRO-00-124700-5
FK05-9-A,PHF-11-10299-3
FK05-9-B,SPI-00-90514-5
FK05-10-A,PHF-11-10359-3
FK05-10-B,PHF-11-10544-3
FK06-1-A,PHF-11-00016-3
FK06-1-B,PCK-00-102736-5
FK06-2-A,SPI-00-139093-5
FK06-2-B,SPI-00-90499-5
FK06-3-A,PHF-11-10359-3
FK06-3-B,SPI-00-90520-5
FK06-4-A,PHF-11-10303-3
FK06-4-B,PHF-11-10398-3
FK06-5-A,PRO-00-123229-5
FK06-5-B,SPI-00-90519-5
FK06-6-A,PRO-00-002386-5
FK06-6-B,PHF-11-10791-3
FK06-7-A,PHF-11-10304-3
FK06-7-B,PRO-00-10064-5
FK06-8-A,PHF-11-10404-3
FK06-8-B,PHF-11-10848-3
FK06-9-A,SPI-00-139094-5
FK06-9-B,PRO-00-124700-5
FK06-10-A,PHF-11-10405-3
FK06-10-B,SPI-00-90500-5
FK07-1-A,DAI-11-100317-5
FK07-1-B,SPI-00-90510-5
FK07-2-A,PHF-11-132608-5
FK07-2-B,PHF-11-10164-3
FK07-3-A,DAI-11-100318-5
FK07-3-B,SPI-00-90508-5
FK07-4-A,PHF-11-10074-3
FK07-4-B,SPI-00-50298-5
FK07-5-A,DRY-00-002451-5
FK07-5-B,PRO-00-123231-5
FK07-6-A,PHF-11-132610-5
FK07-6-B,SPI-00-50299-5
FK07-7-A,DRY-00-002450-5
FK07-7-B,PHF-11-00009-3
FK07-8-A,PRO-00-90448-5
FK07-8-B,PHF-11-10572-3
FK07-9-A,DRY-00-002449-5
FK07-9-B,PHF-11-10791-3
FK07-10-A,PRO-00-90449-5
FK07-10-B,SPI-00-90511-5
FK08-1-A,PHF-11-132611-5
FK08-1-B,PRO-00-10700-5
FK08-2-A,PRO-00-10760-5
FK08-2-B,SPI-00-50084-5
FK08-3-A,PRO-00-10757-5
FK08-3-B,SPI-00-90513-5
FK08-4-A,PHF-11-10304-3
FK08-4-B,SPI-00-125402-5
FK08-5-A,PHF-11-132613-5
FK08-5-B,SPI-00-90512-5
FK08-6-A,PRO-00-123232-5
FK08-6-B,PHF-11-10164-3
FK08-7-A,PHF-11-10074-3
FK08-7-B,DRY-00-001699-5
FK08-8-A,PHF-11-10107-3
FK08-8-B,PRO-00-10716-5
FK08-9-A,DRY-00-001703-5
FK08-9-B,SPI-00-125403-5
FK08-10-A,PHF-11-10433-3
FK08-10-B,DRY-00-001700-5
FK09-1-A,PHF-11-10216-3
FK09-1-B,BAK-00-50254-5
FK09-2-A,PHF-11-132613-5
FK09-2-B,PHF-11-10164-3
FK09-3-A,PHF-11-00001-3
FK09-3-B,SPI-00-11650-5
FK09-4-A,PHF-11-10107-3
FK09-4-B,SPI-00-131930-5
FK09-5-A,PHF-11-10217-3
FK09-5-B,PRO-00-90427-5
FK09-6-A,PRO-00-90426-5
FK09-6-B,DRY-00-143148-5
FK09-7-A,PHF-11-10404-3
FK09-7-B,PRO-00-90450-5
FK09-8-A,PRO-00-90576-5
FK09-8-B,DRY-00-141335-5
FK09-9-A,PHF-11-150274-5
FK09-9-B,SPI-00-125402-5
FK09-10-A,PHF-11-10398-3
FK09-10-B,DRY-00-141706-5
FK09-11-A,PRO-00-90560-5
FK09-11-B,SPI-00-131931-5
FK09-12-A,PHF-11-117329-3
FK09-12-B,PRO-00-137168-5
FK09-13-A,PRO-00-50292-5
FK09-13-B,PRO-00-10080-5
FK09-14-A,PHF-11-10912-3
FK09-14-B,PRO-00-115524-5
FK09-15-A,DRY-00-10478-5
FK09-15-B,PRO-00-137169-5
FK09-16-A,PRO-00-90565-5
FK09-16-B,DRY-00-10470-5
FK09-17-A,DRY-00-10468-5
FK09-17-B,PRO-00-90541-5
FK10-1-A,DAI-00-136109-5
FK10-1-B,SPI-00-139093-5
FK10-2-A,SPI-00-90518-5
FK10-2-B,PHF-11-10164-3
FK10-3-A,PHF-11-10074-3
FK10-3-B,SPI-00-125402-5
FK10-4-A,PHF-11-10359-3
FK10-4-B,DRY-00-002448-5
FK10-5-A,PRO-00-10064-5
FK10-5-B,PHF-11-10839-3
FK10-6-A,PHF-11-132610-5
FK10-6-B,PRO-00-123229-5
FK10-7-A,PHF-11-10433-3
FK10-7-B,DRY-00-002447-5
FK10-8-A,DRY-00-002446-5
FK10-8-B,SPI-00-139094-5
FK11-1-A,DAI-00-125538-5
FK11-1-B,PCK-00-102736-5
FK11-2-A,PRO-00-10730-5
FK11-2-B,SPI-00-11650-5
FK11-3-A,DRY-00-140379-5
FK11-3-B,SPI-00-139672-5
FK11-4-A,PRO-00-10731-5
FK11-4-B,DRY-00-141824-5
FK11-5-A,DRY-00-143309-5
FK11-5-B,PHF-11-102520-3
FK11-6-A,PHF-11-10404-3
FK11-6-B,SPI-00-12126-5
FK11-7-A,PHF-11-10306-3
FK11-7-B,PHF-11-136356-3
FK11-8-A,PRO-00-123235-5
FK11-8-B,PHF-11-10042-3
FK12-1-A,PHF-11-10303-3
FK12-1-B,PCK-00-102737-5
FK12-2-A,PRO-00-123230-5
FK12-2-B,PHF-11-10390-3
FK12-3-A,PHF-11-10136-3
FK12-3-B,PHF-11-00001-3
FK12-4-A,PHF-11-10107-3
FK12-4-B,PHF-11-10695-3
FK12-5-A,PHF-11-132609-5
FK12-5-B,PHF-11-10416-3
FK12-6-A,PHF-11-10276-3
FK12-6-B,PRO-00-13029-5
FK12-7-A,PHF-11-10134-3
FK12-7-B,PHF-11-10359-3
FK12-8-A,PHF-11-10538-3
FK12-8-B,PHF-11-10366-3
FK13-1-A,PRO-00-10723-3
FK13-1-B,PCK-00-102736-5
FK13-2-A,SPI-00-139672-5
FK13-2-B,BAK-00-130087-5
FK13-3-A,PHF-11-10074-3
FK13-3-B,PHF-11-10695-3
FK13-4-A,PRO-00-123235-5
FK13-4-B,BAK-11-150569-5
FK13-5-A,PRO-00-13029-5
FK13-5-B,BAK-00-130085-5
FK13-6-A,PRO-00-50117-5
FK13-6-B,PRO-00-90427-5
FK13-7-A,PRO-00-123234-5
FK13-7-B,BAK-00-130086-5
FK13-8-A,PHF-11-10299-3
FK13-8-B,BAK-11-150568-5
FK14-1-A,DAI-11-100317-5
FK14-2-A,PHF-11-10164-3
FK14-2-B,SPI-00-11574-5
FK14-3-A,PRO-00-90448-5
FK14-3-B,PRO-00-10754-3
FK14-4-A,DAI-11-100318-5
FK14-4-B,SPI-00-90512-5
FK14-5-A,PRO-00-90449-5
FK14-5-B,SPI-00-11573-5
FK14-6-A,PHF-11-00009-3
FK14-6-B,SPI-00-90513-5
FK14-7-A,PHF-11-10322-3
FK14-7-B,PHF-11-00010-3
FK14-8-A,DRY-00-001692-5
FK14-8-B,PHF-11-10544-3
FK14-9-A,PHF-11-10276-3
FK14-10-A,DRY-00-001697-5
FK14-10-B,SPI-00-12021-5
FK15-1-A,PHF-11-10122-3
FK15-1-B,SPI-00-90497-5
FK15-2-A,PRO-00-10147-5
FK15-2-B,SPI-00-132265-5
FK15-3-A,PHF-11-10164-3
FK15-3-B,PRO-00-90543-5
FK15-4-A,PHF-11-10124-3
FK15-4-B,SPI-00-90496-5
FK15-5-A,PHF-11-132613-5
FK15-5-B,SPI-00-131963-5
FK15-6-A,PRO-00-002386-5
FK15-6-B,SPI-00-12021-5
FK15-7-A,PHF-11-10074-3
FK15-7-B,PHF-11-10695-3
FK15-8-A,PHF-11-132608-5
FK15-8-B,SPI-00-11574-5
FK15-9-A,PHF-11-00008-3
FK15-9-B,PHF-11-10299-3
FK15-10-A,PRO-00-10011-5
FK15-10-B,SPI-00-11573-5
FK16-1-A,PHF-11-132613-5
FK16-1-B,SPI-00-90521-5
FK16-2-A,SPI-00-12084-5
FK16-2-B,DRY-00-142394-5
FK16-3-A,PHF-11-10404-3
FK16-3-B,PHF-11-10359-3
FK16-4-A,PHF-11-132611-5
FK16-4-B,PHF-11-10164-3
FK16-5-A,PHF-11-10187-3
FK16-5-B,SPI-00-101531-5
FK16-6-A,SPI-00-133290-5
FK16-6-B,DRY-00-003336-2
FK16-7-A,SPI-00-90520-5
FK16-7-B,PRO-00-001541-5
FK16-8-A,PHF-11-10366-3
FK16-8-B,DRY-00-003335-5
FK16-9-A,PRO-00-128882-3
FK16-9-B,SPI-00-125402-5
FK16-10-A,DRY-00-003334-5
FK16-10-B,PHF-11-10794-3
FK17-1-A,PHF-11-10122-3
FK17-1-B,PCK-00-102736-5
FK17-2-A,PHF-11-132611-5
FK17-2-B,SPI-00-11656-5
FK17-3-A,PHF-11-10164-3
FK17-3-B,PRO-00-128882-3
FK17-4-A,PHF-11-132608-5
FK17-4-B,SPI-00-12084-5
FK17-5-A,PHF-11-10276-3
FK17-5-B,PRO-00-134065-5
FK17-6-A,PHF-11-10124-3
FK17-6-B,PHF-11-10299-3
FK17-7-A,PHF-11-00005-3
FK17-7-B,PRO-00-129170-5
FK17-8-A,PHF-11-150274-5
FK17-8-B,SPI-00-11655-5
FK17-9-A,PRO-00-10064-5
FK17-9-B,SPI-00-101531-5
FK17-10-A,PHF-11-10322-3
FK17-10-B,PRO-00-123229-5
FK18-1-A,DAI-11-100317-5
FK18-1-B,PCK-00-102736-5
FK18-2-A,PRO-00-10723-3
FK18-2-B,PCK-00-102737-5
FK18-3-A,PHF-11-10107-3
FK18-3-B,SPI-00-90517-5
FK18-4-A,PHF-11-132611-5
FK18-4-B,PRO-00-13017-5
FK18-5-A,PRO-00-10735-5
FK18-5-B,DRY-00-142002-5
FK18-6-A,PHF-11-10074-3
FK18-6-B,SPI-00-11574-5
FK18-7-A,DAI-11-100318-5
FK18-7-B,DRY-00-142139-5
FK18-8-A,PRO-00-10064-5
FK18-8-B,SPI-00-11573-5
FK18-9-A,PRO-00-134065-5
FK18-9-B,SPI-00-50086-5
FK18-10-A,PHF-11-132610-5
FK18-10-B,PRO-00-136070-5
FK18-11-A,PRO-00-129170-5
FK18-11-B,SPI-00-50085-5
FK18-12-A,PHF-11-10359-3
FK18-12-B,DRY-00-143404-5
FK18-13-A,DRY-00-10277-5
FK18-13-B,SPI-00-50084-5
FK18-14-A,DRY-00-140908-5
FK18-14-B,SPI-00-90516-5
FK18-15-A,DRY-00-10474-5
FK18-15-B,PHF-11-10836-3
FK18-16-A,PHF-11-10704-3
FK18-16-B,SPI-00-12021-5
FK18-17-A,DRY-00-10012-5
FK18-17-B,PHF-11-10791-3
FK19-1-A,PHF-11-10304-3
FK19-1-B,PCK-00-102737-5
FK19-2-A,PHF-11-132611-5
FK19-2-B,PCK-00-102736-5
FK19-3-A,PHF-11-00016-3
FK19-3-B,PRO-00-90453-5
FK19-4-A,PRO-00-90565-5
FK19-4-B,SPI-00-90516-5
FK19-5-A,PHF-11-00004-3
FK19-5-B,PRO-00-90450-5
FK19-6-A,PHF-11-10405-3
FK19-6-B,SPI-00-90517-5
FK19-7-A,PHF-11-150274-5
FK19-7-B,PHF-11-10695-3
FK19-8-A,PHF-11-10042-3
FK19-8-B,PHF-11-00009-3
FK20-1-A,DAI-11-100317-5
FK20-1-B,SPI-00-90512-5
FK20-2-A,PHF-11-10276-3
FK20-2-B,SPI-00-140277-5
FK20-3-A,DAI-11-100318-5
FK20-3-B,SPI-00-90513-5
FK20-4-A,PHF-11-10216-3
FK20-4-B,SPI-00-125402-5
FK20-5-A,PHF-11-10433-3
FK20-5-B,PHF-11-10217-3
FK20-6-A,PHF-11-132609-5
FK20-6-B,SPI-00-140276-5
FK20-7-A,PHF-11-10164-3
FK20-7-B,PRO-00-50235-5
FK20-8-A,PHF-11-10134-3
FK20-8-B,SPI-00-90514-5
FK20-9-A,PRO-00-134065-5
FK20-9-B,SPI-00-11573-5
FK20-10-A,PHF-11-10136-3
FK20-10-B,SPI-00-125403-5
FK20-11-A,PHF-11-10912-3
FK20-11-B,PHF-11-102520-3
FK20-12-A,PRO-00-128882-3
FK20-12-B,SPI-00-12021-5
FK20-13-A,PHF-11-00001-3
FK20-13-B,PHF-11-10794-3
FK20-14-A,PRO-00-129170-5
FK20-14-B,SPI-00-11574-5
FK21-1-A,PHF-11-132611-5
FK21-1-B,SPI-00-90490-5
FK21-2-A,PRO-00-90545-5
FK21-2-B,PRO-00-90427-5
FK21-3-A,PHF-11-132613-5
FK21-3-B,DRY-00-141706-5
FK21-4-A,PHF-11-10217-3
FK21-4-B,SPI-00-131963-5
FK21-5-A,PHF-11-10187-3
FK21-5-B,DRY-00-141335-5
FK21-6-A,PHF-11-10216-3
FK21-6-B,SPI-00-90520-5
FK21-7-A,PRO-00-90426-5
FK21-7-B,PRO-00-137169-5
FK21-8-A,PHF-11-10164-3
FK21-8-B,SPI-00-90521-5
FK21-9-A,SPI-00-90489-5
FK21-9-B,PHF-11-10767-3
FK21-10-A,PHF-11-00001-3
FK21-10-B,BAK-00-147472-5
FK21-11-A,SPI-00-132265-5
FK21-11-B,PRO-00-137168-5
FK21-12-A,PRO-00-90576-5
FK21-12-B,BAK-00-147473-5
FK21-13-A,PHF-11-117329-3
FK21-13-B,PHF-11-10695-3
FK21-14-A,PRO-00-90541-5
FK21-14-B,BAK-00-147471-5
FK22-1-A,PCK-00-102736-5
FK22-1-B,PHF-11-10164-3
FK22-2-A,PHF-11-10074-3
FK22-2-B,SPI-00-90508-5
FK22-3-A,SPI-00-90523-5
FK22-3-B,SPI-00-90522-5
FK22-4-A,PRO-00-90560-5
FK22-4-B,PRO-00-90453-5
FK22-5-A,PRO-00-123235-5
FK22-5-B,SPI-00-11574-5
FK22-6-A,PRO-00-90450-5
FK22-6-B,SPI-00-90519-5
FK22-7-A,DRY-00-137468-5
FK22-7-B,SPI-00-11573-5
FK22-8-A,SPI-00-12084-5
FK22-8-B,SPI-00-90520-5
FK22-9-A,SPI-00-12021-5
FK22-9-B,SPI-00-11656-5
FK22-10-A,DRY-00-10012-5
FK22-10-B,DRY-00-137467-5
FK22-11-A,PRO-00-123234-5
FK22-11-B,SPI-00-11655-5
FK22-12-A,DRY-00-10277-5
FK22-12-B,PHF-11-10746-3
FK22-13-A,PHF-11-10299-3
FK22-13-B,PHF-11-10042-3
FK22-14-A,DRY-00-10474-5
FK22-14-B,PHF-11-10791-3
FK23-1-A,PHF-11-10187-3
FK23-1-B,SPI-00-12084-5
FK23-2-A,DAI-11-100318-5
FK23-2-B,SPI-00-11574-5
FK23-3-A,PHF-11-132611-5
FK23-3-B,PRO-00-000117-5
FK23-4-A,DAI-11-100317-5
FK23-4-B,SPI-00-12021-5
FK23-5-A,DRY-00-002026-5
FK23-5-B,SPI-00-90513-5
FK23-6-A,PHF-11-132613-5
FK23-6-B,SPI-00-50343-5
FK23-7-A,DRY-00-002027-5
FK23-7-B,PRO-00-10700-5
FK23-8-A,SPI-00-50342-5
FK23-8-B,SPI-00-11573-5
FK23-9-A,PRO-00-90448-5
FK23-9-B,SPI-00-50341-5
FK23-10-A,DRY-00-002028-5
FK23-10-B,PHF-11-10792-3
FK23-11-A,PRO-00-90449-5
FK23-11-B,SPI-00-101531-5
FK23-12-A,PHF-11-10912-3
FK23-12-B,PHF-11-10791-3
FK23-13-A,PHF-11-10299-3
FK23-13-B,SPI-00-90514-5
FK23-14-A,PHF-11-10164-3
FK23-14-B,PHF-11-10632-3
FK24-1-A,PCK-00-102737-5
FK24-1-B,PCK-00-102736-5
FK24-2-A,PHF-11-132608-5
FK24-2-B,PRO-00-10064-5
FK24-3-A,PHF-11-10107-3
FK24-3-B,DRY-00-143404-5
FK24-4-A,PHF-11-10124-3
FK24-4-B,SPI-00-90521-5
FK24-5-A,SPI-00-50341-5
FK24-5-B,SPI-00-90523-5
FK24-6-A,PHF-11-10122-3
FK24-6-B,SPI-00-11645-5
FK24-7-A,PHF-11-10433-3
FK24-7-B,BAK-00-147472-5
FK24-8-A,DRY-00-142749-5
FK24-8-B,SPI-00-125403-5
FK24-9-A,PRO-00-123235-5
FK24-9-B,BAK-00-147473-5
FK24-10-A,PRO-00-128882-3
FK24-10-B,SPI-00-90520-5
FK24-11-A,PRO-00-123234-5
FK24-11-B,BAK-00-147471-5
FK24-12-A,PHF-11-10404-3
FK24-12-B,PHF-11-10791-3
FK24-13-A,PHF-11-150274-5
FK24-13-B,PHF-11-10042-3
FK24-14-A,PHF-11-10164-3
FK24-14-B,PHF-11-10837-3
FK25-1-A,PCK-00-102737-5
FK25-1-B,PCK-00-102736-5
FK25-2-A,PHF-11-132608-5
FK25-2-B,PHF-11-10164-3
FK25-3-A,PHF-11-132611-5
FK25-3-B,PRO-00-10730-5
FK25-4-A,PHF-11-10126-3
FK25-4-B,DRY-00-142002-5
FK25-5-A,PRO-00-10736-5
FK25-5-B,PRO-00-10731-5
FK25-6-A,PHF-11-10122-3
FK25-6-B,SPI-00-50085-5
FK25-7-A,DAI-11-100318-5
FK25-7-B,PRO-00-123229-5
FK25-8-A,PHF-11-10124-3
FK25-8-B,SPI-00-90516-5
FK25-9-A,DAI-11-100317-5
FK25-9-B,SPI-00-50086-5
FK25-10-A,PRO-00-13017-5
FK25-10-B,SPI-00-90517-5
FK25-11-A,SPI-00-50084-5
FK25-11-B,DRY-00-143404-5
FK25-12-A,PHF-11-10404-3
FK25-12-B,PHF-11-10692-3
FK25-13-A,PHF-11-132613-5
FK25-13-B,PRO-00-50340-5
FK25-14-A,PHF-11-10912-3
FK25-14-B,PRO-00-10064-5
FK25-15-A,PHF-11-150274-5
FK25-15-B,PHF-11-10791-3
FK25-16-A,PHF-11-117329-3
FK25-16-B,PRO-00-10150-5
FK25-17-A,PRO-00-90460-5
FK25-17-B,PHF-11-10746-3
FK26-1-A,PHF-11-132608-5
FK26-1-B,PCK-00-102736-5
FK26-2-A,PRO-00-10731-5
FK26-2-B,SPI-00-50299-5
FK26-3-A,PHF-11-10124-3
FK26-3-B,PRO-00-10716-5
FK26-4-A,PRO-00-10730-5
FK26-4-B,SPI-00-90508-5
FK26-5-A,PHF-11-10126-3
FK26-5-B,SPI-00-50271-5
FK26-6-A,PHF-11-10276-3
FK26-6-B,PHF-11-10042-3
FK26-7-A,PHF-11-10164-3
FK26-7-B,SPI-00-50298-5
FK26-8-A,PHF-11-132613-5
FK26-8-B,BAK-00-50253-5
FK27-1-A,PHF-11-10117-3
FK27-1-B,SPI-00-12021-5
FK27-2-A,PHF-11-10943-3
FK27-2-B,PHF-11-10164-3
FK27-3-A,PRO-00-90565-5
FK27-3-B,PRO-00-139638-5
FK27-4-A,PHF-11-10107-3
FK27-4-B,DRY-00-141706-5
FK27-5-A,PRO-00-10080-5
FK27-5-B,SPI-00-11574-5
FK27-6-A,PHF-11-10404-3
FK27-6-B,PRO-00-115591-5
FK27-7-A,SPI-00-90520-5
FK27-7-B,DRY-00-143148-5
FK27-8-A,PRO-00-117125-5
FK27-8-B,SPI-00-131930-5
FK27-9-A,PRO-00-150732-3
FK27-9-B,DRY-00-141335-5
FK27-10-A,DRY-00-10468-5
FK27-10-B,SPI-00-11573-5
FK27-11-A,PHF-11-102520-3
FK27-11-B,SPI-00-131931-5
FK27-12-A,DRY-00-10470-5
FK27-12-B,PRO-00-137168-5
FK27-13-A,PHF-11-00005-3
FK27-13-B,SPI-00-90519-5
FK27-14-A,DRY-00-10478-5
FK27-14-B,PRO-00-137169-5
FK28-1-A,PRO-00-10731-5
FK28-1-B,PCK-00-102736-5
FK28-2-A,PRO-00-10147-5
FK28-2-B,PRO-00-10730-5
FK28-3-A,PHF-11-132613-5
FK28-3-B,SPI-00-90507-5
FK28-4-A,PRO-00-002386-5
FK28-4-B,PRO-00-123234-5
FK28-5-A,PRO-00-90560-5
FK28-5-B,SPI-00-90506-5
FK28-6-A,PHF-11-10404-3
FK28-6-B,SPI-00-132265-5
FK28-7-A,SPI-00-11650-5
FK28-7-B,PRO-00-115591-5
FK28-8-A,PHF-11-10912-3
FK28-8-B,PRO-00-123235-5
FK28-9-A,PHF-11-10359-3
FK28-9-B,SPI-00-131963-5
FK28-10-A,DRY-00-10478-5
FK28-10-B,PRO-00-135168-5
FK28-11-A,PHF-11-102520-3
FK28-11-B,PRO-00-10080-5
FK28-12-A,DRY-00-10470-5
FK28-12-B,PRO-00-137168-5
FK28-13-A,PHF-11-10299-3
FK28-13-B,PHF-11-10042-3
FK28-14-A,DRY-00-10468-5
FK28-14-B,PRO-00-137169-5
FK29-1-A,PHF-11-10187-3
FK29-1-B,PHF-11-10164-3
FK29-2-A,PHF-11-132607-5
FK29-2-B,SPI-00-50298-5
FK29-3-A,PHF-11-10107-3
FK29-3-B,DRY-00-141335-5
FK29-4-A,PHF-11-10115-3
FK29-4-B,SPI-00-90521-5
FK29-5-A,PRO-00-10760-5
FK29-5-B,SPI-00-50299-5
FK29-6-A,PHF-11-10117-3
FK29-6-B,SPI-00-138740-5
FK29-7-A,DRY-00-002026-5
FK29-7-B,SPI-00-50271-5
FK29-8-A,DRY-00-10476-5
FK29-8-B,DRY-00-141706-5
FK29-9-A,PHF-11-10074-3
FK29-9-B,SPI-00-90513-5
FK29-10-A,PRO-00-13017-5
FK29-10-B,SPI-00-90520-5
FK29-11-A,DRY-00-10462-5
FK29-11-B,SPI-00-90514-5
FK29-12-A,PHF-11-10433-3
FK29-12-B,PHF-11-10809-3
FK29-13-A,DRY-00-143148-5
FK29-13-B,PHF-11-10746-3
FK29-14-A,PHF-11-10076-3
FK29-14-B,PHF-11-10836-3
FK30-1-A,PCK-00-102737-5
FK30-1-B,PCK-00-102736-5
FK30-2-A,PHF-11-10187-3
FK30-2-B,DRY-00-140908-5
FK30-3-A,PHF-11-10074-3
FK30-3-B,PRO-00-124700-5
FK30-4-A,PRO-00-10730-5
FK30-4-B,DRY-00-142139-5
FK30-5-A,PHF-11-10107-3
FK30-5-B,PRO-00-123234-5
FK30-6-A,PRO-00-123235-5
FK30-6-B,PRO-00-10700-5
FK30-7-A,PRO-00-90541-5
FK30-7-B,SPI-00-90489-5
FK30-8-A,DRY-00-10465-5
FK30-8-B,PRO-00-13029-5
FK30-9-A,PHF-11-10404-3
FK30-9-B,DRY-00-10464-5
FK30-10-A,DRY-00-10466-5
FK30-10-B,PRO-00-137168-5
FK30-11-A,PRO-00-90576-5
FK30-11-B,PHF-11-10692-3
FK30-12-A,PHF-11-117329-3
FK30-12-B,PHF-11-10299-3
FK30-13-A,PRO-00-137169-5
FK30-13-B,PRO-00-50340-5
FK30-14-A,PHF-11-10912-3
FK30-14-B,PHF-11-10791-3
FK31-1-A,PHF-11-10187-3
FK31-1-B,PCK-00-102737-5
FK31-2-A,PRO-00-10757-5
FK31-2-B,PHF-11-10164-3
FK31-3-A,PHF-11-132613-5
FK31-3-B,SPI-00-50299-5
FK31-4-A,PRO-00-10736-5
FK31-4-B,SPI-00-90512-5
FK31-5-A,PHF-11-132614-5
FK31-5-B,DRY-00-142139-5
FK31-6-A,PHF-11-10276-3
FK31-6-B,SPI-00-90513-5
FK31-7-A,PHF-11-10107-3
FK31-7-B,SPI-00-50298-5
FK31-8-A,PHF-11-132611-5
FK31-8-B,PRO-00-136070-5
FK31-9-A,PRO-00-123234-5
FK31-9-B,DRY-00-140908-5
FK31-10-A,SPI-00-50271-5
FK31-10-B,SPI-00-90510-5
FK31-11-A,PRO-00-124699-5
FK31-11-B,BAK-00-003852-5
FK31-12-A,PRO-00-123235-5
FK31-12-B,SPI-00-90511-5
FK31-13-A,PRO-00-10716-5
FK31-13-B,PHF-11-10544-3
FK31-14-A,PHF-11-10836-3
FK31-14-B,PHF-11-10306-3
FK32-1-A,PRO-00-10757-5
FK32-1-B,PCK-00-102736-5
FK32-2-A,PHF-11-132613-5
FK32-2-B,PHF-11-10164-3
FK32-3-A,PRO-00-10737-5
FK32-3-B,SPI-00-11654-5
FK32-4-A,PRO-00-10147-5
FK32-4-B,DRY-00-143148-5
FK32-5-A,PHF-11-132611-5
FK32-5-B,SPI-00-11574-5
FK32-6-A,PRO-00-002386-5
FK32-6-B,SPI-00-11791-5
FK32-7-A,SPI-00-90496-5
FK32-7-B,DRY-00-141335-5
FK32-8-A,DRY-00-141706-5
FK32-8-B,SPI-00-12021-5
FK32-9-A,SPI-00-90497-5
FK32-9-B,PRO-00-137169-5
FK32-10-A,DRY-00-10474-5
FK32-10-B,SPI-00-11573-5
FK32-11-A,PRO-00-139637-5
FK32-11-B,PHF-11-10873-3
FK32-12-A,DRY-00-10277-5
FK32-12-B,PRO-00-50340-5
FK32-13-A,PHF-11-10042-3
FK32-13-B,PRO-00-137168-5
FK32-14-A,DRY-00-10012-5
FK32-14-B,PHF-11-10692-3
AD-01-B-1B,PTN-11-90538-2
AD-01-B-1C,BAK-11-129193-3
AD-01-B-2B,PRO-00-133292-3
AD-01-B-2C,BAK-11-133291-3
AD-01-B-3C,PRO-00-135271-3
AD-01-B-4C,DAI-00-131996-3
AD-01-B-5C,CON-00-136095-3
AD-01-B-6C,CON-00-150978-2
AD-01-B-7B,DAI-00-90515-2
AD-01-B-7C,DRY-00-143905-3
AD-01-B-8B,DAI-00-131995-3
AD-01-B-8C,PTN-00-129138-3
AD-01-F-1A,PTN-11-005730-2
AD-01-F-1B,DRY-00-50393-2
AD-01-F-2A,DAI-11-125533-3
AD-01-F-2B,PRO-00-004326-2
AD-01-F-3A,PRO-00-129419-3
AD-01-F-5A,DAI-00-50291-2
AD-01-F-6A,PTN-11-90547-2
AD-01-F-6B,DAI-00-131994-3
AD-01-F-7A,DRY-00-143904-3
AD-01-F-7B,DAI-00-147915-3
AD-01-F-8A,PTN-11-90544-2
AD-01-F-8B,CON-11-130120-3
AD-02-F-1A,PHF-11-10253-3
AD-02-F-1B,PHF-11-50313-3
AD-02-F-2A,PHF-11-50314-3
AD-02-F-2B,PRO-00-148098-3
AD-02-F-3A,PHF-11-124433-5
AD-02-F-3B,SPI-00-139904-5
AD-02-F-4A,OTH-00-155075-5
AD-02-F-4B,OTH-00-155076-5
AD-02-F-5A,BAK-00-103476-5
AD-02-F-6A,PHF-11-10025-3
AD-02-F-6B,BAK-00-10049-5
AD-02-F-7A,PHF-11-10922-3
AD-02-F-7B,PHF-11-10068-3
AD-02-F-8A,PHF-11-10020-3
AD-02-F-8B,PHF-11-132589-3
AD-03-B-10B,CON-00-136094-3
AD-03-B-10C,BAK-00-128706-3
AD-03-B-11B,PRO-00-135274-3
AD-03-B-11C,BAK-11-122786-3
AD-03-B-12B,PHF-11-128693-3
AD-03-B-12C,PTN-11-123532-3
AD-03-B-13C,CON-00-136093-3
AD-03-B-14C,PTN-11-001570-2
AD-03-B-15C,CON-00-137392-3
AD-03-B-16B,PRO-00-133292-3
AD-03-B-16C,DRY-00-50394-2
AD-03-B-9B,CON-00-136092-3
AD-03-B-9C,BAK-00-128705-3
AD-03-F-1A,PTN-11-151150-3
AD-03-F-1B,BAK-11-129194-3
AD-03-F-2A,DAI-00-50291-2
AD-03-F-2B,PTN-11-90544-2
AD-03-F-3A,PRO-00-141119-3
AD-03-F-5A,DAI-11-125533-3
AD-03-F-6A,PTN-11-90547-2
AD-03-F-6B,PRO-00-004324-2
AD-03-F-7A,PTN-11-118527-2
AD-03-F-7B,DAI-00-147915-3
AD-03-F-8A,PHF-11-132936-3
AD-03-F-8B,PRO-00-134515-3
AD-04-F-1A,PHF-11-10013-3
AD-04-F-1B,PHF-11-50317-3
AD-04-F-2A,PHF-11-10025-3
AD-04-F-2B,PHF-11-50313-3
AD-04-F-3A,BAK-00-103476-5
AD-04-F-3B,SPI-00-139904-5
AD-04-F-4A,OTH-00-155075-5
AD-04-F-4B,OTH-00-155076-5
AD-04-F-5A,PHF-11-10029-3
AD-04-F-6A,PHF-11-10020-3
AD-04-F-6B,BAK-00-10049-5
AD-04-F-7A,BAK-00-115694-5
AD-04-F-7B,PRO-00-148100-5
AD-04-F-8A,PHF-11-132589-3
AD-04-F-8B,PHF-11-10253-3
AD-05-B-10B,PRO-00-148099-5
AD-05-B-10C,CON-11-130115-3
AD-05-B-11B,PRO-00-135271-3
AD-05-B-11C,PTN-11-90549-2
AD-05-B-12B,DRY-00-10472-3
AD-05-B-12C,PTN-11-001571-2
AD-05-B-13C,PHF-11-127045-3
AD-05-B-14C,DAI-11-120510-3
AD-05-B-15C,DAI-00-147915-3
AD-05-B-16B,PRO-00-124417-5
AD-05-B-16C,PTN-11-90559-2
AD-05-B-9B,PTN-11-90548-2
AD-05-B-9C,CON-00-137384-3
AD-05-F-1A,BAK-11-129194-3
AD-05-F-1B,DAI-00-131994-3
AD-05-F-2A,DAI-00-115403-3
AD-05-F-2B,DAI-11-120512-3
AD-05-F-3A,BEV-00-150317-3
AD-05-F-5A,PTN-11-005730-2
AD-05-F-6A,PHF-11-13056-2
AD-05-F-6B,PTN-11-151149-3
AD-05-F-7A,DRY-00-143904-3
AD-05-F-7B,CON-11-130118-3
AD-05-F-8A,PRO-00-141119-3
AD-05-F-8B,PHF-11-132936-3
HL-01-01-B-1B,CON-11-125103-3
HL-01-01-B-1C,PTN-11-151648-2
HL-01-01-B-2B,PTN-11-131793-2
HL-01-01-B-2C,PRO-00-004323-2
HL-01-01-B-3B,PTN-11-138332-2
HL-01-01-B-3C,PRO-00-133293-3
HL-01-01-B-4B,DRY-00-50074-2
HL-01-01-B-4C,PTN-00-130357-3
HL-01-01-F-1A,CON-11-90504-2
HL-01-01-F-1B,PTN-11-005882-2
HL-01-01-F-2A,ICB-F2-1F777C-2
HL-01-01-F-2B,DAI-00-004414-2
HL-01-01-F-3A,PTN-11-101341-2
HL-01-01-F-3B,DAI-11-10039-2
HL-01-01-F-4A,ICB-E5-69CD55-6
HL-01-01-F-4B,PTN-00-130349-3
HL-01-01-F-5A,PCK-00-115352-1
HL-01-01-F-5B,PTN-11-101343-2
HL-01-01-F-6A,DAI-00-10141-2
HL-01-01-F-6B,PTN-11-138011-1
HL-01-01-F-7A,CON-11-90505-2
HL-01-01-F-7B,DAI-11-116265-3
HL-01-01-F-8B,PTN-11-119517-2
HL-01-02-B-1B,PTN-11-129905-2
HL-01-02-B-1C,PTN-11-100667-2
HL-01-02-B-2B,PTN-11-119516-2
HL-01-02-B-2C,PTN-11-10001-2
HL-01-02-B-3B,PTN-11-100668-2
HL-01-02-B-3C,PRO-00-133293-3
HL-01-02-B-4B,PTN-11-90545-2
HL-01-02-B-4C,DAI-00-150290-3
HL-01-02-F-1A,CON-11-90504-2
HL-01-02-F-1B,DAI-11-116266-3
HL-01-02-F-2A,DAI-00-10141-2
HL-01-02-F-2B,PRO-00-151766-5
HL-01-02-F-3A,ICB-F2-1F777C-2
HL-01-02-F-3B,DAI-11-10039-2
HL-01-02-F-4A,CON-00-121750-3
HL-01-02-F-4B,PTN-11-101341-2
HL-01-02-F-5A,PCK-00-115352-1
HL-01-02-F-5B,PTN-11-101343-2
HL-01-02-F-6A,DAI-11-125283-3
HL-01-02-F-6B,DAI-00-50213-2
HL-01-02-F-7A,ICB-0E-3133A7-4
HL-01-02-F-7B,PTN-11-138329-2
HL-01-02-F-8B,CON-00-150976-2
HL-01-03-B-1B,PTN-11-134468-1
HL-01-03-B-1C,PTN-11-138012-1
HL-01-03-B-2B,PTN-11-138336-2
HL-01-03-B-2C,DAI-00-150290-3
HL-01-03-B-3B,PTN-11-138332-2
HL-01-03-B-3C,PRO-00-133293-3
HL-01-03-B-4B,PTN-11-101344-2
HL-01-03-B-4C,PTN-11-131792-2
HL-01-03-F-1A,CON-11-90504-2
HL-01-03-F-1B,PTN-11-90560-2
HL-01-03-F-2A,PTN-00-130349-3
HL-01-03-F-2B,DAI-11-116264-3
HL-01-03-F-3A,PTN-11-101341-2
HL-01-03-F-3B,BAK-00-102699-3
HL-01-03-F-4A,CON-00-121753-3
HL-01-03-F-5A,PCK-00-115352-1
HL-01-03-F-5B,PTN-11-101343-2
HL-01-03-F-6A,ICB-D1-564980-5
HL-01-03-F-6B,DRY-00-138387-3
HL-01-03-F-7A,ICB-6E-3D90EA-9
HL-01-03-F-7B,PTN-11-138329-2
HL-01-03-F-8B,DRY-00-001930-2
HL-01-04-B-1B,PTN-11-139601-1
HL-01-04-B-1C,CON-00-137192-3
HL-01-04-B-2B,PTN-11-148093-3
HL-01-04-B-2C,DAI-00-115401-3
HL-01-04-B-3B,PTN-00-121055-3
HL-01-04-B-3C,PTN-00-136097-2
HL-01-04-B-4B,DAI-11-125531-3
HL-01-04-B-4C,PTN-11-119515-2
HL-01-04-F-1A,CON-11-90506-2
HL-01-04-F-1B,PTN-11-90560-2
HL-01-04-F-2A,DAI-00-10141-2
HL-01-04-F-2B,DAI-11-116264-3
HL-01-04-F-5A,PCK-00-115352-1
HL-01-04-F-6A,DAI-11-125283-3
HL-01-04-F-6B,DAI-00-50213-2
HL-01-04-F-7A,CON-00-150977-2
HL-01-04-F-7B,PTN-11-138329-2
HL-01-04-F-8B,PTN-11-131794-2
HL-01-05-B-1B,CON-00-137189-3
HL-01-05-B-1C,PTN-11-100664-2
HL-01-05-B-2B,PTN-11-151646-2
HL-01-05-B-2C,DAI-00-150291-3
HL-01-05-B-3B,DRY-00-138388-3
HL-01-05-B-3C,PTN-11-119517-2
HL-01-05-B-4B,PHF-11-128692-3
HL-01-05-B-4C,PTN-11-131792-2
HL-01-05-F-1A,PTN-00-134085-3
HL-01-05-F-1B,CON-11-130119-3
HL-01-05-F-2A,PRO-00-90579-2
HL-01-05-F-2B,DAI-00-004414-2
HL-01-05-F-3A,PTN-11-101341-2
HL-01-05-F-3B,BEV-00-150316-3
HL-01-05-F-4A,ICB-F8-F36127-F
HL-01-05-F-5A,PCK-00-115352-1
HL-01-05-F-5B,BAK-00-102699-3
HL-01-05-F-6A,DAI-11-125283-3
HL-01-05-F-6B,DRY-00-138387-3
HL-01-05-F-7A,ICB-89-D0E8DD-3
HL-01-05-F-7B,DAI-11-116265-3
HL-01-05-F-8B,DRY-00-001930-2
HL-01-06-B-1B,PTN-11-138011-1
HL-01-06-B-1C,DAI-11-143487-3
HL-01-06-B-2B,PTN-11-148094-3
HL-01-06-B-2C,PTN-11-10001-2
HL-01-06-B-3B,PTN-11-005866-3
HL-01-06-B-3C,PTN-11-50463-2
HL-01-06-B-4B,PTN-11-101344-2
HL-01-06-B-4C,PTN-00-130357-3
HL-01-06-F-1A,ICB-C7-3182FA-B
HL-01-06-F-1B,PTN-11-151151-3
HL-01-06-F-2A,DAI-00-10141-2
HL-01-06-F-2B,PRO-00-151766-5
HL-01-06-F-3A,PTN-11-101341-2
HL-01-06-F-3B,DAI-11-10039-2
HL-01-06-F-4A,CON-00-136134-3
HL-01-06-F-5A,PCK-00-115352-1
HL-01-06-F-5B,BAK-00-102699-3
HL-01-06-F-6A,DAI-11-125283-3
HL-01-06-F-6B,DAI-00-50213-2
HL-01-06-F-7A,ICB-F4-72969D-B
HL-01-06-F-7B,PTN-11-138329-2
HL-01-06-F-8B,PTN-11-119517-2
HL-01-07-B-1B,BAK-11-102333-2
HL-01-07-B-1C,PTN-11-139600-1
HL-01-07-B-2B,PTN-11-148093-3
HL-01-07-B-2C,DAI-11-125530-2
HL-01-07-B-3B,PHF-11-13049-2
HL-01-07-B-3C,PHF-11-132934-3
HL-01-07-B-4B,PTN-11-90545-2
HL-01-07-B-4C,PRO-00-004325-2
HL-01-07-F-1A,DAI-11-116335-3
HL-01-07-F-1B,PTN-11-005882-2
HL-01-07-F-2A,PRO-00-90579-2
HL-01-07-F-2B,DAI-00-004414-2
HL-01-07-F-3A,PTN-11-101341-2
HL-01-07-F-3B,DRY-00-50073-2
HL-01-07-F-4A,CON-00-121748-3
HL-01-07-F-5A,PCK-00-115352-1
HL-01-07-F-5B,PTN-11-101343-2
HL-01-07-F-6A,ICB-F3-0163BC-5
HL-01-07-F-6B,DAI-00-50213-2
HL-01-07-F-7A,ICB-97-301E9B-A
HL-01-07-F-7B,PTN-11-101342-2
HL-01-07-F-8B,DAI-00-150292-3
HL-01-08-B-1B,CON-00-134949-3
HL-01-08-B-1C,PTN-11-148022-3
HL-01-08-B-2B,PTN-11-131793-2
HL-01-08-B-2C,DAI-00-115401-3
HL-01-08-B-3B,PTN-11-138331-2
HL-01-08-B-3C,PHF-11-132934-3
HL-01-08-B-4B,PTN-11-90545-2
HL-01-08-B-4C,PRO-00-004325-2
HL-01-08-F-1A,DAI-11-116335-3
HL-01-08-F-1B,PTN-11-101342-2
HL-01-08-F-2A,DAI-00-10141-2
HL-01-08-F-2B,PRO-00-151766-5
HL-01-08-F-3A,PTN-00-130349-3
HL-01-08-F-3B,PTN-11-101343-2
HL-01-08-F-5A,PCK-00-115352-1
HL-01-08-F-7A,CON-00-150977-2
HL-01-08-F-7B,DAI-11-116265-3
HL-01-08-F-8B,BAK-00-115722-3
HL-01-09-B-1B,CON-00-137193-3
HL-01-09-B-1C,PTN-11-129904-2
HL-01-09-B-2B,PTN-11-119516-2
HL-01-09-B-2C,DAI-11-125530-2
HL-01-09-B-3B,PHF-11-50408-2
HL-01-09-B-3C,PTN-11-90546-2
HL-01-09-B-4B,PRO-00-133294-3
HL-01-09-B-4C,PTN-11-131792-2
HL-01-09-F-1A,ICB-C7-3182FA-B
HL-01-09-F-1B,DAI-11-116266-3
HL-01-09-F-2A,PRO-00-90579-2
HL-01-09-F-2B,PRO-00-151766-5
HL-01-09-F-3A,PTN-11-101341-2
HL-01-09-F-3B,DAI-11-10039-2
HL-01-09-F-4A,CON-00-136132-3
HL-01-09-F-5A,PCK-00-115352-1
HL-01-09-F-5B,PTN-11-138334-2
HL-01-09-F-6A,DAI-00-10141-2
HL-01-09-F-6B,DRY-00-138387-3
HL-01-09-F-7A,ICB-8F-DE4D3D-0
HL-01-09-F-7B,PTN-11-138329-2
HL-01-09-F-8B,PTN-11-119517-2
HL-01-10-B-1B,CON-00-134945-3
HL-01-10-B-1C,PTN-11-148018-3
HL-01-10-B-2B,PTN-11-50464-2
HL-01-10-B-2C,DAI-11-125530-2
HL-01-10-B-3B,PHF-11-13049-2
HL-01-10-B-3C,CON-00-137343-3
HL-01-10-B-4B,DAI-11-125531-3
HL-01-10-B-4C,PTN-11-131792-2
HL-01-10-F-1A,DAI-11-116336-3
HL-01-10-F-1B,PTN-11-90560-2
HL-01-10-F-2A,PRO-00-90579-2
HL-01-10-F-2B,DAI-11-116264-3
HL-01-10-F-3A,PTN-11-101341-2
HL-01-10-F-3B,BAK-00-102699-3
HL-01-10-F-4A,ICB-4A-13D75D-8
HL-01-10-F-5A,PCK-00-115352-1
HL-01-10-F-5B,PTN-11-101343-2
HL-01-10-F-6A,ICB-96-340E9F-F
HL-01-10-F-6B,DAI-00-50213-2
HL-01-10-F-7A,PTN-11-134467-1
HL-01-10-F-7B,DAI-11-116265-3
HL-01-10-F-8B,DAI-00-150292-3
HL-01-11-B-1B,PTN-11-148020-3
HL-01-11-B-1C,ICB-06-2C3D5F-2
HL-01-11-B-2B,DRY-00-10072-3
HL-01-11-B-2C,PRO-00-004323-2
HL-01-11-B-3B,PTN-11-100668-2
HL-01-11-B-3C,PTN-11-50463-2
HL-01-11-B-4B,PTN-11-90566-2
HL-01-11-B-4C,DAI-00-150290-3
HL-01-11-F-1A,DAI-11-116336-3
HL-01-11-F-1B,CON-11-130119-3
HL-01-11-F-2A,DAI-00-10141-2
HL-01-11-F-2B,DAI-00-004414-2
HL-01-11-F-3A,PTN-11-101341-2
HL-01-11-F-3B,DAI-11-10039-2
HL-01-11-F-4A,CON-00-136136-3
HL-01-11-F-5A,PCK-00-115352-1
HL-01-11-F-5B,PTN-11-101343-2
HL-01-11-F-6A,DAI-11-125283-3
HL-01-11-F-6B,DAI-00-50213-2
HL-01-11-F-7A,CON-11-90505-2
HL-01-11-F-7B,PTN-11-101342-2
HL-01-11-F-8B,DAI-00-150292-3
HL-01-12-B-1B,PTN-11-148023-3
HL-01-12-B-1C,PTN-11-151647-2
HL-01-12-B-2B,DRY-00-10072-3
HL-01-12-B-2C,PRO-00-124418-5
HL-01-12-B-3B,PTN-11-138331-2
HL-01-12-B-3C,PHF-11-132934-3
HL-01-12-B-4B,PRO-00-133294-3
HL-01-12-B-4C,DAI-11-125532-3
HL-01-12-F-1A,DAI-11-116335-3
HL-01-12-F-1B,PTN-11-90560-2
HL-01-12-F-2A,DAI-00-10141-2
HL-01-12-F-2B,DAI-11-116264-3
HL-01-12-F-3A,PTN-11-101341-2
HL-01-12-F-3B,PTN-11-100663-2
HL-01-12-F-4A,CON-00-131874-3
HL-01-12-F-5A,PCK-00-115352-1
HL-01-12-F-5B,PTN-11-138334-2
HL-01-12-F-6B,DAI-00-50213-2
HL-02-01-B-1B,CON-11-125103-3
HL-02-01-B-1C,PTN-11-151648-2
HL-02-01-B-2B,PTN-11-131793-2
HL-02-01-B-2C,PRO-00-004323-2
HL-02-01-B-3B,PTN-11-138332-2
HL-02-01-B-3C,PRO-00-133293-3
HL-02-01-B-4B,DRY-00-50074-2
HL-02-01-B-4C,PTN-00-130357-3
HL-02-01-F-1A,CON-11-90504-2
HL-02-01-F-1B,PTN-11-005882-2
HL-02-01-F-2A,ICB-F2-1F777C-2
HL-02-01-F-2B,DAI-00-004414-2
HL-02-01-F-3A,PTN-11-101341-2
HL-02-01-F-3B,DAI-11-10039-2
HL-02-01-F-4A,ICB-E5-69CD55-6
HL-02-01-F-4B,PTN-00-130349-3
HL-02-01-F-5A,PCK-00-115352-1
HL-02-01-F-5B,PTN-11-101343-2
HL-02-01-F-6A,DAI-00-10141-2
HL-02-01-F-6B,PTN-11-138011-1
HL-02-01-F-7A,CON-11-90505-2
HL-02-01-F-7B,DAI-11-116265-3
HL-02-01-F-8B,PTN-11-119517-2
HL-02-02-B-1B,PTN-11-129905-2
HL-02-02-B-1C,PTN-11-100667-2
HL-02-02-B-2B,PTN-11-119516-2
HL-02-02-B-2C,PTN-11-10001-2
HL-02-02-B-3B,PTN-11-100668-2
HL-02-02-B-3C,PRO-00-133293-3
HL-02-02-B-4B,PTN-11-90545-2
HL-02-02-B-4C,DAI-00-150290-3
HL-02-02-F-1A,CON-11-90504-2
HL-02-02-F-1B,DAI-11-116266-3
HL-02-02-F-2A,DAI-00-10141-2
HL-02-02-F-2B,PRO-00-151766-5
HL-02-02-F-3A,ICB-F2-1F777C-2
HL-02-02-F-3B,DAI-11-10039-2
HL-02-02-F-4A,CON-00-121750-3
HL-02-02-F-4B,PTN-11-101341-2
HL-02-02-F-5A,PCK-00-115352-1
HL-02-02-F-5B,PTN-11-101343-2
HL-02-02-F-6A,DAI-11-125283-3
HL-02-02-F-6B,DAI-00-50213-2
HL-02-02-F-7A,ICB-0E-3133A7-4
HL-02-02-F-7B,PTN-11-138329-2
HL-02-02-F-8B,CON-00-150976-2
HL-02-03-B-1B,PTN-11-134468-1
HL-02-03-B-1C,PTN-11-138012-1
HL-02-03-B-2B,PTN-11-138336-2
HL-02-03-B-2C,DAI-00-150290-3
HL-02-03-B-3B,PTN-11-138332-2
HL-02-03-B-3C,PRO-00-133293-3
HL-02-03-B-4B,PTN-11-101344-2
HL-02-03-B-4C,PTN-11-131792-2
HL-02-03-F-1A,CON-11-90504-2
HL-02-03-F-1B,PTN-11-90560-2
HL-02-03-F-2A,PTN-00-130349-3
HL-02-03-F-2B,DAI-11-116264-3
HL-02-03-F-3A,PTN-11-101341-2
HL-02-03-F-3B,BAK-00-102699-3
HL-02-03-F-4A,CON-00-121753-3
HL-02-03-F-5A,PCK-00-115352-1
HL-02-03-F-5B,PTN-11-101343-2
HL-02-03-F-6A,ICB-D1-564980-5
HL-02-03-F-6B,DRY-00-138387-3
HL-02-03-F-7A,ICB-6E-3D90EA-9
HL-02-03-F-7B,PTN-11-138329-2
HL-02-03-F-8B,DRY-00-001930-2
HL-02-04-B-1B,PTN-11-139601-1
HL-02-04-B-1C,CON-00-137192-3
HL-02-04-B-2B,PTN-11-148093-3
HL-02-04-B-2C,DAI-00-115401-3
HL-02-04-B-3B,PTN-00-121055-3
HL-02-04-B-3C,PTN-00-136097-2
HL-02-04-B-4B,DAI-11-125531-3
HL-02-04-B-4C,PTN-11-119515-2
HL-02-04-F-1A,CON-11-90506-2
HL-02-04-F-1B,PTN-11-90560-2
HL-02-04-F-2A,DAI-00-10141-2
HL-02-04-F-2B,DAI-11-116264-3
HL-02-04-F-5A,PCK-00-115352-1
HL-02-04-F-6A,DAI-11-125283-3
HL-02-04-F-6B,DAI-00-50213-2
HL-02-04-F-7A,CON-00-150977-2
HL-02-04-F-7B,PTN-11-138329-2
HL-02-04-F-8B,PTN-11-131794-2
HL-02-05-B-1B,CON-00-137189-3
HL-02-05-B-1C,PTN-11-100664-2
HL-02-05-B-2B,PTN-11-151646-2
HL-02-05-B-2C,DAI-00-150291-3
HL-02-05-B-3B,DRY-00-138388-3
HL-02-05-B-3C,PTN-11-119517-2
HL-02-05-B-4B,PHF-11-128692-3
HL-02-05-B-4C,PTN-11-131792-2
HL-02-05-F-1A,PTN-00-134085-3
HL-02-05-F-1B,CON-11-130119-3
HL-02-05-F-2A,PRO-00-90579-2
HL-02-05-F-2B,DAI-00-004414-2
HL-02-05-F-3A,PTN-11-101341-2
HL-02-05-F-3B,BEV-00-150316-3
HL-02-05-F-4A,ICB-F8-F36127-F
HL-02-05-F-5A,PCK-00-115352-1
HL-02-05-F-5B,BAK-00-102699-3
HL-02-05-F-6A,DAI-11-125283-3
HL-02-05-F-6B,DRY-00-138387-3
HL-02-05-F-7A,ICB-89-D0E8DD-3
HL-02-05-F-7B,DAI-11-116265-3
HL-02-05-F-8B,DRY-00-001930-2
HL-02-06-B-1B,PTN-11-138011-1
HL-02-06-B-1C,DAI-11-143487-3
HL-02-06-B-2B,PTN-11-148094-3
HL-02-06-B-2C,PTN-11-10001-2
HL-02-06-B-3B,PTN-11-005866-3
HL-02-06-B-3C,PTN-11-50463-2
HL-02-06-B-4B,PTN-11-101344-2
HL-02-06-B-4C,PTN-00-130357-3
HL-02-06-F-1A,ICB-C7-3182FA-B
HL-02-06-F-1B,PTN-11-151151-3
HL-02-06-F-2A,DAI-00-10141-2
HL-02-06-F-2B,PRO-00-151766-5
HL-02-06-F-3A,PTN-11-101341-2
HL-02-06-F-3B,DAI-11-10039-2
HL-02-06-F-4A,CON-00-136134-3
HL-02-06-F-5A,PCK-00-115352-1
HL-02-06-F-5B,BAK-00-102699-3
HL-02-06-F-6A,DAI-11-125283-3
HL-02-06-F-6B,DAI-00-50213-2
HL-02-06-F-7A,ICB-F4-72969D-B
HL-02-06-F-7B,PTN-11-138329-2
HL-02-06-F-8B,PTN-11-119517-2
HL-02-07-B-1B,BAK-11-102333-2
HL-02-07-B-1C,PTN-11-139600-1
HL-02-07-B-2B,PTN-11-148093-3
HL-02-07-B-2C,DAI-11-125530-2
HL-02-07-B-3B,PHF-11-13049-2
HL-02-07-B-3C,PHF-11-132934-3
HL-02-07-B-4B,PTN-11-90545-2
HL-02-07-B-4C,PRO-00-004325-2
HL-02-07-F-1A,DAI-11-116335-3
HL-02-07-F-1B,PTN-11-005882-2
HL-02-07-F-2A,PRO-00-90579-2
HL-02-07-F-2B,DAI-00-004414-2
HL-02-07-F-3A,PTN-11-101341-2
HL-02-07-F-3B,DRY-00-50073-2
HL-02-07-F-4A,CON-00-121748-3
HL-02-07-F-5A,PCK-00-115352-1
HL-02-07-F-5B,PTN-11-101343-2
HL-02-07-F-6A,ICB-F3-0163BC-5
HL-02-07-F-6B,DAI-00-50213-2
HL-02-07-F-7A,ICB-97-301E9B-A
HL-02-07-F-7B,PTN-11-101342-2
HL-02-07-F-8B,DAI-00-150292-3
HL-02-08-B-1B,CON-00-134949-3
HL-02-08-B-1C,PTN-11-148022-3
HL-02-08-B-2B,PTN-11-131793-2
HL-02-08-B-2C,DAI-00-115401-3
HL-02-08-B-3B,PTN-11-138331-2
HL-02-08-B-3C,PHF-11-132934-3
HL-02-08-B-4B,PTN-11-90545-2
HL-02-08-B-4C,PRO-00-004325-2
HL-02-08-F-1A,DAI-11-116335-3
HL-02-08-F-1B,PTN-11-101342-2
HL-02-08-F-2A,DAI-00-10141-2
HL-02-08-F-2B,PRO-00-151766-5
HL-02-08-F-3A,PTN-00-130349-3
HL-02-08-F-3B,PTN-11-101343-2
HL-02-08-F-5A,PCK-00-115352-1
HL-02-08-F-7A,CON-00-150977-2
HL-02-08-F-7B,DAI-11-116265-3
HL-02-08-F-8B,BAK-00-115722-3
HL-02-09-B-1B,CON-00-137193-3
HL-02-09-B-1C,PTN-11-129904-2
HL-02-09-B-2B,PTN-11-119516-2
HL-02-09-B-2C,DAI-11-125530-2
HL-02-09-B-3B,PHF-11-50408-2
HL-02-09-B-3C,PTN-11-90546-2
HL-02-09-B-4B,PRO-00-133294-3
HL-02-09-B-4C,PTN-11-131792-2
HL-02-09-F-1A,ICB-C7-3182FA-B
HL-02-09-F-1B,DAI-11-116266-3
HL-02-09-F-2A,PRO-00-90579-2
HL-02-09-F-2B,PRO-00-151766-5
HL-02-09-F-3A,PTN-11-101341-2
HL-02-09-F-3B,DAI-11-10039-2
HL-02-09-F-4A,CON-00-136132-3
HL-02-09-F-5A,PCK-00-115352-1
HL-02-09-F-5B,PTN-11-138334-2
HL-02-09-F-6A,DAI-00-10141-2
HL-02-09-F-6B,DRY-00-138387-3
HL-02-09-F-7A,ICB-8F-DE4D3D-0
HL-02-09-F-7B,PTN-11-138329-2
HL-02-09-F-8B,PTN-11-119517-2
HL-02-10-B-1B,CON-00-134945-3
HL-02-10-B-1C,PTN-11-148018-3
HL-02-10-B-2B,PTN-11-50464-2
HL-02-10-B-2C,DAI-11-125530-2
HL-02-10-B-3B,PHF-11-13049-2
HL-02-10-B-3C,CON-00-137343-3
HL-02-10-B-4B,DAI-11-125531-3
HL-02-10-B-4C,PTN-11-131792-2
HL-02-10-F-1A,DAI-11-116336-3
HL-02-10-F-1B,PTN-11-90560-2
HL-02-10-F-2A,PRO-00-90579-2
HL-02-10-F-2B,DAI-11-116264-3
HL-02-10-F-3A,PTN-11-101341-2
HL-02-10-F-3B,BAK-00-102699-3
HL-02-10-F-4A,ICB-4A-13D75D-8
HL-02-10-F-5A,PCK-00-115352-1
HL-02-10-F-5B,PTN-11-101343-2
HL-02-10-F-6A,ICB-96-340E9F-F
HL-02-10-F-6B,DAI-00-50213-2
HL-02-10-F-7A,PTN-11-134467-1
HL-02-10-F-7B,DAI-11-116265-3
HL-02-10-F-8B,DAI-00-150292-3
HL-02-11-B-1B,PTN-11-148020-3
HL-02-11-B-1C,ICB-06-2C3D5F-2
HL-02-11-B-2B,DRY-00-10072-3
HL-02-11-B-2C,PRO-00-004323-2
HL-02-11-B-3B,PTN-11-100668-2
HL-02-11-B-3C,PTN-11-50463-2
HL-02-11-B-4B,PTN-11-90566-2
HL-02-11-B-4C,DAI-00-150290-3
HL-02-11-F-1A,DAI-11-116336-3
HL-02-11-F-1B,CON-11-130119-3
HL-02-11-F-2A,DAI-00-10141-2
HL-02-11-F-2B,DAI-00-004414-2
HL-02-11-F-3A,PTN-11-101341-2
HL-02-11-F-3B,DAI-11-10039-2
HL-02-11-F-4A,CON-00-136136-3
HL-02-11-F-5A,PCK-00-115352-1
HL-02-11-F-5B,PTN-11-101343-2
HL-02-11-F-6A,DAI-11-125283-3
HL-02-11-F-6B,DAI-00-50213-2
HL-02-11-F-7A,CON-11-90505-2
HL-02-11-F-7B,PTN-11-101342-2
HL-02-11-F-8B,DAI-00-150292-3
HL-02-12-B-1B,PTN-11-148023-3
HL-02-12-B-1C,PTN-11-151647-2
HL-02-12-B-2B,DRY-00-10072-3
HL-02-12-B-2C,PRO-00-124418-5
HL-02-12-B-3B,PTN-11-138331-2
HL-02-12-B-3C,PHF-11-132934-3
HL-02-12-B-4B,PRO-00-133294-3
HL-02-12-B-4C,DAI-11-125532-3
HL-02-12-F-1A,DAI-11-116335-3
HL-02-12-F-1B,PTN-11-90560-2
HL-02-12-F-2A,DAI-00-10141-2
HL-02-12-F-2B,DAI-11-116264-3
HL-02-12-F-3A,PTN-11-101341-2
HL-02-12-F-3B,PTN-11-100663-2
HL-02-12-F-4A,CON-00-131874-3
HL-02-12-F-5A,PCK-00-115352-1
HL-02-12-F-5B,PTN-11-138334-2
HL-02-12-F-6B,DAI-00-50213-2
HL-03-01-B-1B,CON-11-125103-3
HL-03-01-B-1C,PTN-11-151648-2
HL-03-01-B-2B,PTN-11-131793-2
HL-03-01-B-2C,PRO-00-004323-2
HL-03-01-B-3B,PTN-11-138332-2
HL-03-01-B-3C,PRO-00-133293-3
HL-03-01-B-4B,DRY-00-50074-2
HL-03-01-B-4C,PTN-00-130357-3
HL-03-01-F-1A,CON-11-90504-2
HL-03-01-F-1B,PTN-11-005882-2
HL-03-01-F-2A,ICB-F2-1F777C-2
HL-03-01-F-2B,DAI-00-004414-2
HL-03-01-F-3A,PTN-11-101341-2
HL-03-01-F-3B,DAI-11-10039-2
HL-03-01-F-4A,ICB-E5-69CD55-6
HL-03-01-F-4B,PTN-00-130349-3
HL-03-01-F-5A,PCK-00-115352-1
HL-03-01-F-5B,PTN-11-101343-2
HL-03-01-F-6A,DAI-00-10141-2
HL-03-01-F-6B,PTN-11-138011-1
HL-03-01-F-7A,CON-11-90505-2
HL-03-01-F-7B,DAI-11-116265-3
HL-03-01-F-8B,PTN-11-119517-2
HL-03-02-B-1B,PTN-11-129905-2
HL-03-02-B-1C,PTN-11-100667-2
HL-03-02-B-2B,PTN-11-119516-2
HL-03-02-B-2C,PTN-11-10001-2
HL-03-02-B-3B,PTN-11-100668-2
HL-03-02-B-3C,PRO-00-133293-3
HL-03-02-B-4B,PTN-11-90545-2
HL-03-02-B-4C,DAI-00-150290-3
HL-03-02-F-1A,CON-11-90504-2
HL-03-02-F-1B,DAI-11-116266-3
HL-03-02-F-2A,DAI-00-10141-2
HL-03-02-F-2B,PRO-00-151766-5
HL-03-02-F-3A,ICB-F2-1F777C-2
HL-03-02-F-3B,DAI-11-10039-2
HL-03-02-F-4A,CON-00-121750-3
HL-03-02-F-4B,PTN-11-101341-2
HL-03-02-F-5A,PCK-00-115352-1
HL-03-02-F-5B,PTN-11-101343-2
HL-03-02-F-6A,DAI-11-125283-3
HL-03-02-F-6B,DAI-00-50213-2
HL-03-02-F-7A,ICB-0E-3133A7-4
HL-03-02-F-7B,PTN-11-138329-2
HL-03-02-F-8B,CON-00-150976-2
HL-03-03-B-1B,PTN-11-134468-1
HL-03-03-B-1C,PTN-11-138012-1
HL-03-03-B-2B,PTN-11-138336-2
HL-03-03-B-2C,DAI-00-150290-3
HL-03-03-B-3B,PTN-11-138332-2
HL-03-03-B-3C,PRO-00-133293-3
HL-03-03-B-4B,PTN-11-101344-2
HL-03-03-B-4C,PTN-11-131792-2
HL-03-03-F-1A,CON-11-90504-2
HL-03-03-F-1B,PTN-11-90560-2
HL-03-03-F-2A,PTN-00-130349-3
HL-03-03-F-2B,DAI-11-116264-3
HL-03-03-F-3A,PTN-11-101341-2
HL-03-03-F-3B,BAK-00-102699-3
HL-03-03-F-4A,CON-00-121753-3
HL-03-03-F-5A,PCK-00-115352-1
HL-03-03-F-5B,PTN-11-101343-2
HL-03-03-F-6A,ICB-D1-564980-5
HL-03-03-F-6B,DRY-00-138387-3
HL-03-03-F-7A,ICB-6E-3D90EA-9
HL-03-03-F-7B,PTN-11-138329-2
HL-03-03-F-8B,DRY-00-001930-2
HL-03-04-B-1B,PTN-11-139601-1
HL-03-04-B-1C,CON-00-137192-3
HL-03-04-B-2B,PTN-11-148093-3
HL-03-04-B-2C,DAI-00-115401-3
HL-03-04-B-3B,PTN-00-121055-3
HL-03-04-B-3C,PTN-00-136097-2
HL-03-04-B-4B,DAI-11-125531-3
HL-03-04-B-4C,PTN-11-119515-2
HL-03-04-F-1A,CON-11-90506-2
HL-03-04-F-1B,PTN-11-90560-2
HL-03-04-F-2A,DAI-00-10141-2
HL-03-04-F-2B,DAI-11-116264-3
HL-03-04-F-5A,PCK-00-115352-1
HL-03-04-F-6A,DAI-11-125283-3
HL-03-04-F-6B,DAI-00-50213-2
HL-03-04-F-7A,CON-00-150977-2
HL-03-04-F-7B,PTN-11-138329-2
HL-03-04-F-8B,PTN-11-131794-2
HL-03-05-B-1B,CON-00-137189-3
HL-03-05-B-1C,PTN-11-100664-2
HL-03-05-B-2B,PTN-11-151646-2
HL-03-05-B-2C,DAI-00-150291-3
HL-03-05-B-3B,DRY-00-138388-3
HL-03-05-B-3C,PTN-11-119517-2
HL-03-05-B-4B,PHF-11-128692-3
HL-03-05-B-4C,PTN-11-131792-2
HL-03-05-F-1A,PTN-00-134085-3
HL-03-05-F-1B,CON-11-130119-3
HL-03-05-F-2A,PRO-00-90579-2
HL-03-05-F-2B,DAI-00-004414-2
HL-03-05-F-3A,PTN-11-101341-2
HL-03-05-F-3B,BEV-00-150316-3
HL-03-05-F-4A,ICB-F8-F36127-F
HL-03-05-F-5A,PCK-00-115352-1
HL-03-05-F-5B,BAK-00-102699-3
HL-03-05-F-6A,DAI-11-125283-3
HL-03-05-F-6B,DRY-00-138387-3
HL-03-05-F-7A,ICB-89-D0E8DD-3
HL-03-05-F-7B,DAI-11-116265-3
HL-03-05-F-8B,DRY-00-001930-2
HL-03-06-B-1B,PTN-11-138011-1
HL-03-06-B-1C,DAI-11-143487-3
HL-03-06-B-2B,PTN-11-148094-3
HL-03-06-B-2C,PTN-11-10001-2
HL-03-06-B-3B,PTN-11-005866-3
HL-03-06-B-3C,PTN-11-50463-2
HL-03-06-B-4B,PTN-11-101344-2
HL-03-06-B-4C,PTN-00-130357-3
HL-03-06-F-1A,ICB-C7-3182FA-B
HL-03-06-F-1B,PTN-11-151151-3
HL-03-06-F-2A,DAI-00-10141-2
HL-03-06-F-2B,PRO-00-151766-5
HL-03-06-F-3A,PTN-11-101341-2
HL-03-06-F-3B,DAI-11-10039-2
HL-03-06-F-4A,CON-00-136134-3
HL-03-06-F-5A,PCK-00-115352-1
HL-03-06-F-5B,BAK-00-102699-3
HL-03-06-F-6A,DAI-11-125283-3
HL-03-06-F-6B,DAI-00-50213-2
HL-03-06-F-7A,ICB-F4-72969D-B
HL-03-06-F-7B,PTN-11-138329-2
HL-03-06-F-8B,PTN-11-119517-2
HL-03-07-B-1B,BAK-11-102333-2
HL-03-07-B-1C,PTN-11-139600-1
HL-03-07-B-2B,PTN-11-148093-3
HL-03-07-B-2C,DAI-11-125530-2
HL-03-07-B-3B,PHF-11-13049-2
HL-03-07-B-3C,PHF-11-132934-3
HL-03-07-B-4B,PTN-11-90545-2
HL-03-07-B-4C,PRO-00-004325-2
HL-03-07-F-1A,DAI-11-116335-3
HL-03-07-F-1B,PTN-11-005882-2
HL-03-07-F-2A,PRO-00-90579-2
HL-03-07-F-2B,DAI-00-004414-2
HL-03-07-F-3A,PTN-11-101341-2
HL-03-07-F-3B,DRY-00-50073-2
HL-03-07-F-4A,CON-00-121748-3
HL-03-07-F-5A,PCK-00-115352-1
HL-03-07-F-5B,PTN-11-101343-2
HL-03-07-F-6A,ICB-F3-0163BC-5
HL-03-07-F-6B,DAI-00-50213-2
HL-03-07-F-7A,ICB-97-301E9B-A
HL-03-07-F-7B,PTN-11-101342-2
HL-03-07-F-8B,DAI-00-150292-3
HL-03-08-B-1B,CON-00-134949-3
HL-03-08-B-1C,PTN-11-148022-3
HL-03-08-B-2B,PTN-11-131793-2
HL-03-08-B-2C,DAI-00-115401-3
HL-03-08-B-3B,PTN-11-138331-2
HL-03-08-B-3C,PHF-11-132934-3
HL-03-08-B-4B,PTN-11-90545-2
HL-03-08-B-4C,PRO-00-004325-2
HL-03-08-F-1A,DAI-11-116335-3
HL-03-08-F-1B,PTN-11-101342-2
HL-03-08-F-2A,DAI-00-10141-2
HL-03-08-F-2B,PRO-00-151766-5
HL-03-08-F-3A,PTN-00-130349-3
HL-03-08-F-3B,PTN-11-101343-2
HL-03-08-F-5A,PCK-00-115352-1
HL-03-08-F-7A,CON-00-150977-2
HL-03-08-F-7B,DAI-11-116265-3
HL-03-08-F-8B,BAK-00-115722-3
HL-03-09-B-1B,CON-00-137193-3
HL-03-09-B-1C,PTN-11-129904-2
HL-03-09-B-2B,PTN-11-119516-2
HL-03-09-B-2C,DAI-11-125530-2
HL-03-09-B-3B,PHF-11-50408-2
HL-03-09-B-3C,PTN-11-90546-2
HL-03-09-B-4B,PRO-00-133294-3
HL-03-09-B-4C,PTN-11-131792-2
HL-03-09-F-1A,ICB-C7-3182FA-B
HL-03-09-F-1B,DAI-11-116266-3
HL-03-09-F-2A,PRO-00-90579-2
HL-03-09-F-2B,PRO-00-151766-5
HL-03-09-F-3A,PTN-11-101341-2
HL-03-09-F-3B,DAI-11-10039-2
HL-03-09-F-4A,CON-00-136132-3
HL-03-09-F-5A,PCK-00-115352-1
HL-03-09-F-5B,PTN-11-138334-2
HL-03-09-F-6A,DAI-00-10141-2
HL-03-09-F-6B,DRY-00-138387-3
HL-03-09-F-7A,ICB-8F-DE4D3D-0
HL-03-09-F-7B,PTN-11-138329-2
HL-03-09-F-8B,PTN-11-119517-2
HL-03-10-B-1B,CON-00-134945-3
HL-03-10-B-1C,PTN-11-148018-3
HL-03-10-B-2B,PTN-11-50464-2
HL-03-10-B-2C,DAI-11-125530-2
HL-03-10-B-3B,PHF-11-13049-2
HL-03-10-B-3C,CON-00-137343-3
HL-03-10-B-4B,DAI-11-125531-3
HL-03-10-B-4C,PTN-11-131792-2
HL-03-10-F-1A,DAI-11-116336-3
HL-03-10-F-1B,PTN-11-90560-2
HL-03-10-F-2A,PRO-00-90579-2
HL-03-10-F-2B,DAI-11-116264-3
HL-03-10-F-3A,PTN-11-101341-2
HL-03-10-F-3B,BAK-00-102699-3
HL-03-10-F-4A,ICB-4A-13D75D-8
HL-03-10-F-5A,PCK-00-115352-1
HL-03-10-F-5B,PTN-11-101343-2
HL-03-10-F-6A,ICB-96-340E9F-F
HL-03-10-F-6B,DAI-00-50213-2
HL-03-10-F-7A,PTN-11-134467-1
HL-03-10-F-7B,DAI-11-116265-3
HL-03-10-F-8B,DAI-00-150292-3
HL-03-11-B-1B,PTN-11-148020-3
HL-03-11-B-1C,ICB-06-2C3D5F-2
HL-03-11-B-2B,DRY-00-10072-3
HL-03-11-B-2C,PRO-00-004323-2
HL-03-11-B-3B,PTN-11-100668-2
HL-03-11-B-3C,PTN-11-50463-2
HL-03-11-B-4B,PTN-11-90566-2
HL-03-11-B-4C,DAI-00-150290-3
HL-03-11-F-1A,DAI-11-116336-3
HL-03-11-F-1B,CON-11-130119-3
HL-03-11-F-2A,DAI-00-10141-2
HL-03-11-F-2B,DAI-00-004414-2
HL-03-11-F-3A,PTN-11-101341-2
HL-03-11-F-3B,DAI-11-10039-2
HL-03-11-F-4A,CON-00-136136-3
HL-03-11-F-5A,PCK-00-115352-1
HL-03-11-F-5B,PTN-11-101343-2
HL-03-11-F-6A,DAI-11-125283-3
HL-03-11-F-6B,DAI-00-50213-2
HL-03-11-F-7A,CON-11-90505-2
HL-03-11-F-7B,PTN-11-101342-2
HL-03-11-F-8B,DAI-00-150292-3
HL-03-12-B-1B,PTN-11-148023-3
HL-03-12-B-1C,PTN-11-151647-2
HL-03-12-B-2B,DRY-00-10072-3
HL-03-12-B-2C,PRO-00-124418-5
HL-03-12-B-3B,PTN-11-138331-2
HL-03-12-B-3C,PHF-11-132934-3
HL-03-12-B-4B,PRO-00-133294-3
HL-03-12-B-4C,DAI-11-125532-3
HL-03-12-F-1A,DAI-11-116335-3
HL-03-12-F-1B,PTN-11-90560-2
HL-03-12-F-2A,DAI-00-10141-2
HL-03-12-F-2B,DAI-11-116264-3
HL-03-12-F-3A,PTN-11-101341-2
HL-03-12-F-3B,PTN-11-100663-2
HL-03-12-F-4A,CON-00-131874-3
HL-03-12-F-5A,PCK-00-115352-1
HL-03-12-F-5B,PTN-11-138334-2
HL-03-12-F-6B,DAI-00-50213-2
HL-04-10-F-5A,PCK-00-147911-1
HL-04-11-F-5A,PCK-00-147911-1
HL-04-12-F-5A,PCK-00-147911-1
HL-05-01-B-1B,CON-11-125103-3
HL-05-01-B-1C,PTN-11-151648-2
HL-05-01-B-2B,PTN-11-131793-2
HL-05-01-B-2C,PRO-00-004323-2
HL-05-01-B-3B,PTN-11-138332-2
HL-05-01-B-3C,PRO-00-133293-3
HL-05-01-B-4B,DRY-00-50074-2
HL-05-01-B-4C,PTN-00-130357-3
HL-05-01-F-1A,CON-11-90504-2
HL-05-01-F-1B,PTN-11-005882-2
HL-05-01-F-2A,ICB-F2-1F777C-2
HL-05-01-F-2B,DAI-00-004414-2
HL-05-01-F-3A,PTN-11-101341-2
HL-05-01-F-3B,DAI-11-10039-2
HL-05-01-F-4A,ICB-E5-69CD55-6
HL-05-01-F-4B,PTN-00-130349-3
HL-05-01-F-5A,PCK-00-115352-1
HL-05-01-F-5B,PTN-11-101343-2
HL-05-01-F-6A,DAI-00-10141-2
HL-05-01-F-6B,PTN-11-138011-1
HL-05-01-F-7A,CON-11-90505-2
HL-05-01-F-7B,DAI-11-116265-3
HL-05-01-F-8B,PTN-11-119517-2
HL-05-02-B-1B,PTN-11-129905-2
HL-05-02-B-1C,PTN-11-100667-2
HL-05-02-B-2B,PTN-11-119516-2
HL-05-02-B-2C,PTN-11-10001-2
HL-05-02-B-3B,PTN-11-100668-2
HL-05-02-B-3C,PRO-00-133293-3
HL-05-02-B-4B,PTN-11-90545-2
HL-05-02-B-4C,DAI-00-150290-3
HL-05-02-F-1A,CON-11-90504-2
HL-05-02-F-1B,DAI-11-116266-3
HL-05-02-F-2A,DAI-00-10141-2
HL-05-02-F-2B,PRO-00-151766-5
HL-05-02-F-3A,ICB-F2-1F777C-2
HL-05-02-F-3B,DAI-11-10039-2
HL-05-02-F-4A,CON-00-121750-3
HL-05-02-F-4B,PTN-11-101341-2
HL-05-02-F-5A,PCK-00-115352-1
HL-05-02-F-5B,PTN-11-101343-2
HL-05-02-F-6A,DAI-11-125283-3
HL-05-02-F-6B,DAI-00-50213-2
HL-05-02-F-7A,ICB-0E-3133A7-4
HL-05-02-F-7B,PTN-11-138329-2
HL-05-02-F-8B,CON-00-150976-2
HL-05-03-B-1B,PTN-11-134468-1
HL-05-03-B-1C,PTN-11-138012-1
HL-05-03-B-2B,PTN-11-138336-2
HL-05-03-B-2C,DAI-00-150290-3
HL-05-03-B-3B,PTN-11-138332-2
HL-05-03-B-3C,PRO-00-133293-3
HL-05-03-B-4B,PTN-11-101344-2
HL-05-03-B-4C,PTN-11-131792-2
HL-05-03-F-1A,CON-11-90504-2
HL-05-03-F-1B,PTN-11-90560-2
HL-05-03-F-2A,PTN-00-130349-3
HL-05-03-F-2B,DAI-11-116264-3
HL-05-03-F-3A,PTN-11-101341-2
HL-05-03-F-3B,BAK-00-102699-3
HL-05-03-F-4A,CON-00-121753-3
HL-05-03-F-5A,PCK-00-115352-1
HL-05-03-F-5B,PTN-11-101343-2
HL-05-03-F-6A,ICB-D1-564980-5
HL-05-03-F-6B,DRY-00-138387-3
HL-05-03-F-7A,ICB-6E-3D90EA-9
HL-05-03-F-7B,PTN-11-138329-2
HL-05-03-F-8B,DRY-00-001930-2
HL-05-04-B-1B,PTN-11-139601-1
HL-05-04-B-1C,CON-00-137192-3
HL-05-04-B-2B,PTN-11-148093-3
HL-05-04-B-2C,DAI-00-115401-3
HL-05-04-B-3B,PTN-00-121055-3
HL-05-04-B-3C,PTN-00-136097-2
HL-05-04-B-4B,DAI-11-125531-3
HL-05-04-B-4C,PTN-11-119515-2
HL-05-04-F-1A,CON-11-90506-2
HL-05-04-F-1B,PTN-11-90560-2
HL-05-04-F-2A,DAI-00-10141-2
HL-05-04-F-2B,DAI-11-116264-3
HL-05-04-F-5A,PCK-00-115352-1
HL-05-04-F-6A,DAI-11-125283-3
HL-05-04-F-6B,DAI-00-50213-2
HL-05-04-F-7A,CON-00-150977-2
HL-05-04-F-7B,PTN-11-138329-2
HL-05-04-F-8B,PTN-11-131794-2
HL-05-05-B-1B,CON-00-137189-3
HL-05-05-B-1C,PTN-11-100664-2
HL-05-05-B-2B,PTN-11-151646-2
HL-05-05-B-2C,DAI-00-150291-3
HL-05-05-B-3B,DRY-00-138388-3
HL-05-05-B-3C,PTN-11-119517-2
HL-05-05-B-4B,PHF-11-128692-3
HL-05-05-B-4C,PTN-11-131792-2
HL-05-05-F-1A,PTN-00-134085-3
HL-05-05-F-1B,CON-11-130119-3
HL-05-05-F-2A,PRO-00-90579-2
HL-05-05-F-2B,DAI-00-004414-2
HL-05-05-F-3A,PTN-11-101341-2
HL-05-05-F-3B,BEV-00-150316-3
HL-05-05-F-4A,ICB-F8-F36127-F
HL-05-05-F-5A,PCK-00-115352-1
HL-05-05-F-5B,BAK-00-102699-3
HL-05-05-F-6A,DAI-11-125283-3
HL-05-05-F-6B,DRY-00-138387-3
HL-05-05-F-7A,ICB-89-D0E8DD-3
HL-05-05-F-7B,DAI-11-116265-3
HL-05-05-F-8B,DRY-00-001930-2
HL-05-06-B-1B,PTN-11-138011-1
HL-05-06-B-1C,DAI-11-143487-3
HL-05-06-B-2B,PTN-11-148094-3
HL-05-06-B-2C,PTN-11-10001-2
HL-05-06-B-3B,PTN-11-005866-3
HL-05-06-B-3C,PTN-11-50463-2
HL-05-06-B-4B,PTN-11-101344-2
HL-05-06-B-4C,PTN-00-130357-3
HL-05-06-F-1A,ICB-C7-3182FA-B
HL-05-06-F-1B,PTN-11-151151-3
HL-05-06-F-2A,DAI-00-10141-2
HL-05-06-F-2B,PRO-00-151766-5
HL-05-06-F-3A,PTN-11-101341-2
HL-05-06-F-3B,DAI-11-10039-2
HL-05-06-F-4A,CON-00-136134-3
HL-05-06-F-5A,PCK-00-115352-1
HL-05-06-F-5B,BAK-00-102699-3
HL-05-06-F-6A,DAI-11-125283-3
HL-05-06-F-6B,DAI-00-50213-2
HL-05-06-F-7A,ICB-F4-72969D-B
HL-05-06-F-7B,PTN-11-138329-2
HL-05-06-F-8B,PTN-11-119517-2
HL-05-07-B-1B,BAK-11-102333-2
HL-05-07-B-1C,PTN-11-139600-1
HL-05-07-B-2B,PTN-11-148093-3
HL-05-07-B-2C,DAI-11-125530-2
HL-05-07-B-3B,PHF-11-13049-2
HL-05-07-B-3C,PHF-11-132934-3
HL-05-07-B-4B,PTN-11-90545-2
HL-05-07-B-4C,PRO-00-004325-2
HL-05-07-F-1A,DAI-11-116335-3
HL-05-07-F-1B,PTN-11-005882-2
HL-05-07-F-2A,PRO-00-90579-2
HL-05-07-F-2B,DAI-00-004414-2
HL-05-07-F-3A,PTN-11-101341-2
HL-05-07-F-3B,DRY-00-50073-2
HL-05-07-F-4A,CON-00-121748-3
HL-05-07-F-5A,PCK-00-115352-1
HL-05-07-F-5B,PTN-11-101343-2
HL-05-07-F-6A,ICB-F3-0163BC-5
HL-05-07-F-6B,DAI-00-50213-2
HL-05-07-F-7A,ICB-97-301E9B-A
HL-05-07-F-7B,PTN-11-101342-2
HL-05-07-F-8B,DAI-00-150292-3
HL-05-08-B-1B,CON-00-134949-3
HL-05-08-B-1C,PTN-11-148022-3
HL-05-08-B-2B,PTN-11-131793-2
HL-05-08-B-2C,DAI-00-115401-3
HL-05-08-B-3B,PTN-11-138331-2
HL-05-08-B-3C,PHF-11-132934-3
HL-05-08-B-4B,PTN-11-90545-2
HL-05-08-B-4C,PRO-00-004325-2
HL-05-08-F-1A,DAI-11-116335-3
HL-05-08-F-1B,PTN-11-101342-2
HL-05-08-F-2A,DAI-00-10141-2
HL-05-08-F-2B,PRO-00-151766-5
HL-05-08-F-3A,PTN-00-130349-3
HL-05-08-F-3B,PTN-11-101343-2
HL-05-08-F-5A,PCK-00-115352-1
HL-05-08-F-7A,CON-00-150977-2
HL-05-08-F-7B,DAI-11-116265-3
HL-05-08-F-8B,BAK-00-115722-3
HL-05-09-B-1B,CON-00-137193-3
HL-05-09-B-1C,PTN-11-129904-2
HL-05-09-B-2B,PTN-11-119516-2
HL-05-09-B-2C,DAI-11-125530-2
HL-05-09-B-3B,PHF-11-50408-2
HL-05-09-B-3C,PTN-11-90546-2
HL-05-09-B-4B,PRO-00-133294-3
HL-05-09-B-4C,PTN-11-131792-2
HL-05-09-F-1A,ICB-C7-3182FA-B
HL-05-09-F-1B,DAI-11-116266-3
HL-05-09-F-2A,PRO-00-90579-2
HL-05-09-F-2B,PRO-00-151766-5
HL-05-09-F-3A,PTN-11-101341-2
HL-05-09-F-3B,DAI-11-10039-2
HL-05-09-F-4A,CON-00-136132-3
HL-05-09-F-5A,PCK-00-115352-1
HL-05-09-F-5B,PTN-11-138334-2
HL-05-09-F-6A,DAI-00-10141-2
HL-05-09-F-6B,DRY-00-138387-3
HL-05-09-F-7A,ICB-8F-DE4D3D-0
HL-05-09-F-7B,PTN-11-138329-2
HL-05-09-F-8B,PTN-11-119517-2
HL-05-10-B-1B,CON-00-134945-3
HL-05-10-B-1C,PTN-11-148018-3
HL-05-10-B-2B,PTN-11-50464-2
HL-05-10-B-2C,DAI-11-125530-2
HL-05-10-B-3B,PHF-11-13049-2
HL-05-10-B-3C,CON-00-137343-3
HL-05-10-B-4B,DAI-11-125531-3
HL-05-10-B-4C,PTN-11-131792-2
HL-05-10-F-1A,DAI-11-116336-3
HL-05-10-F-1B,PTN-11-90560-2
HL-05-10-F-2A,PRO-00-90579-2
HL-05-10-F-2B,DAI-11-116264-3
HL-05-10-F-3A,PTN-11-101341-2
HL-05-10-F-3B,BAK-00-102699-3
HL-05-10-F-4A,ICB-4A-13D75D-8
HL-05-10-F-5A,PCK-00-115352-1
HL-05-10-F-5B,PTN-11-101343-2
HL-05-10-F-6A,ICB-96-340E9F-F
HL-05-10-F-6B,DAI-00-50213-2
HL-05-10-F-7A,PTN-11-134467-1
HL-05-10-F-7B,DAI-11-116265-3
HL-05-10-F-8B,DAI-00-150292-3
HL-05-11-B-1B,PTN-11-148020-3
HL-05-11-B-1C,ICB-06-2C3D5F-2
HL-05-11-B-2B,DRY-00-10072-3
HL-05-11-B-2C,PRO-00-004323-2
HL-05-11-B-3B,PTN-11-100668-2
HL-05-11-B-3C,PTN-11-50463-2
HL-05-11-B-4B,PTN-11-90566-2
HL-05-11-B-4C,DAI-00-150290-3
HL-05-11-F-1A,DAI-11-116336-3
HL-05-11-F-1B,CON-11-130119-3
HL-05-11-F-2A,DAI-00-10141-2
HL-05-11-F-2B,DAI-00-004414-2
HL-05-11-F-3A,PTN-11-101341-2
HL-05-11-F-3B,DAI-11-10039-2
HL-05-11-F-4A,CON-00-136136-3
HL-05-11-F-5A,PCK-00-115352-1
HL-05-11-F-5B,PTN-11-101343-2
HL-05-11-F-6A,DAI-11-125283-3
HL-05-11-F-6B,DAI-00-50213-2
HL-05-11-F-7A,CON-11-90505-2
HL-05-11-F-7B,PTN-11-101342-2
HL-05-11-F-8B,DAI-00-150292-3
HL-05-12-B-1B,PTN-11-148023-3
HL-05-12-B-1C,PTN-11-151647-2
HL-05-12-B-2B,DRY-00-10072-3
HL-05-12-B-2C,PRO-00-124418-5
HL-05-12-B-3B,PTN-11-138331-2
HL-05-12-B-3C,PHF-11-132934-3
HL-05-12-B-4B,PRO-00-133294-3
HL-05-12-B-4C,DAI-11-125532-3
HL-05-12-F-1A,DAI-11-116335-3
HL-05-12-F-1B,PTN-11-90560-2
HL-05-12-F-2A,DAI-00-10141-2
HL-05-12-F-2B,DAI-11-116264-3
HL-05-12-F-3A,PTN-11-101341-2
HL-05-12-F-3B,PTN-11-100663-2
HL-05-12-F-4A,CON-00-131874-3
HL-05-12-F-5A,PCK-00-115352-1
HL-05-12-F-5B,PTN-11-138334-2
HL-05-12-F-6B,DAI-00-50213-2
HL-06-01-F-4A,MLK-C0-080737-7
HL-06-01-F-5A,BAK-00-002521-2
HL-06-02-F-4A,MLK-C0-080737-7
HL-06-02-F-5A,BAK-00-002521-2
HL-06-03-F-4A,MLK-C0-080737-7
HL-06-03-F-5A,BAK-00-002521-2
HL-06-04-F-4A,MLK-C0-080737-7
HL-06-04-F-5A,BAK-00-002521-2
HL-07-01-B-1B,OTH-00-155107-5
HL-07-01-B-1C,MLK-53-412BF3-E
HL-07-01-B-2B,PHF-11-11293-3
HL-07-01-B-2C,MLK-FF-21250D-5
HL-07-01-B-3B,MLK-F0-3D53EB-0
HL-07-01-B-3C,PHF-11-10288-3
HL-07-01-B-4B,MLK-F2-3F13B0-5
HL-07-01-B-4C,MLK-04-B7F144-9
HL-07-01-F-1A,MLK-22-1495CF-A
HL-07-01-F-1B,MLK-8B-6E1CF2-7
HL-07-01-F-2A,MLK-A2-9E65A3-C
HL-07-01-F-2B,BAK-00-10009-5
HL-07-01-F-3A,PHF-11-10254-3
HL-07-01-F-3B,PHF-11-135489-3
HL-07-01-F-4A,PHF-11-50154-3
HL-07-01-F-4B,BAK-00-132771-5
HL-07-01-F-5A,PHF-11-10022-3
HL-07-01-F-6A,PHF-11-10058-3
HL-07-01-F-6B,MLK-A8-F34067-4
HL-07-01-F-7A,PHF-11-10031-3
HL-07-01-F-7B,MLK-16-1CB55B-6
HL-07-01-F-8B,MLK-BC-EF954D-A
HL-07-02-B-1B,PTN-00-50231-5
HL-07-02-B-1C,MLK-BC-EF954D-A
HL-07-02-B-2B,MLK-9A-A62719-2
HL-07-02-B-2C,MLK-16-1CB55B-6
HL-07-02-B-3B,MLK-8B-6E1CF2-7
HL-07-02-B-3C,PHF-11-10031-3
HL-07-02-B-4B,MLK-90-2718EA-2
HL-07-02-B-4C,PHF-11-10023-3
HL-07-02-F-1A,PHF-11-154742-3
HL-07-02-F-1B,PHF-11-10027-3
HL-07-02-F-2A,MLK-B4-51346E-F
HL-07-02-F-2B,MLK-B4-979144-1
HL-07-02-F-3A,PHF-11-10932-3
HL-07-02-F-3B,BAK-00-132771-5
HL-07-02-F-4A,PHF-11-50154-3
HL-07-02-F-4B,PHF-11-10254-3
HL-07-02-F-5A,MLK-2D-BFC65B-9
HL-07-02-F-6A,PHF-11-10058-3
HL-07-02-F-6B,MLK-A8-F34067-4
HL-07-02-F-7A,MLK-74-1C3980-2
HL-07-02-F-7B,PHF-11-135489-3
HL-07-02-F-8B,BAK-00-10009-5
HL-07-03-B-1B,MLK-EE-63C3E1-8
HL-07-03-B-1C,MLK-69-AA1F63-F
HL-07-03-B-2B,MLK-7B-A271BA-7
HL-07-03-B-2C,MLK-90-2718EA-2
HL-07-03-B-3B,PHF-11-11293-3
HL-07-03-B-3C,MLK-4C-D182FA-B
HL-07-03-B-4B,MLK-8B-6E1CF2-7
HL-07-03-B-4C,MLK-BC-EF954D-A
HL-07-03-F-1A,MLK-5F-55906A-D
HL-07-03-F-1B,MLK-16-1CB55B-6
HL-07-03-F-2A,PHF-11-10031-3
HL-07-03-F-2B,MLK-B4-979144-1
HL-07-03-F-3A,PHF-11-10932-3
HL-07-03-F-3B,PHF-11-10254-3
HL-07-03-F-4A,PHF-11-50154-3
HL-07-03-F-4B,MLK-A8-F34067-4
HL-07-03-F-5A,MLK-22-1495CF-A
HL-07-03-F-6A,PHF-11-10058-3
HL-07-03-F-6B,BAK-00-132771-5
HL-07-03-F-7A,PHF-11-135489-3
HL-07-03-F-7B,PHF-11-10023-3
HL-07-03-F-8B,BAK-00-10009-5
HL-07-04-B-1B,MLK-92-8C354B-3
HL-07-04-B-1C,PHF-11-10931-3
HL-07-04-B-2B,MLK-BC-02927F-9
HL-07-04-B-2C,BAK-00-128883-3
HL-07-04-B-3B,MLK-1D-A81AA6-D
HL-07-04-B-3C,MLK-0D-A72C0C-0
HL-07-04-B-4B,PHF-11-10024-3
HL-07-04-B-4C,PRO-11-146318-5
HL-07-04-F-1A,PHF-11-10022-3
HL-07-04-F-1B,MLK-F2-3F13B0-5
HL-07-04-F-2A,MLK-B4-51346E-F
HL-07-04-F-2B,MLK-D6-ABE465-5
HL-07-04-F-3A,MLK-69-AA1F63-F
HL-07-04-F-3B,MLK-62-7EE61E-4
HL-07-04-F-4A,PHF-11-10058-3
HL-07-04-F-4B,PHF-11-10031-3
HL-07-04-F-5A,MLK-FB-9CD3B0-1
HL-07-04-F-6A,MLK-7F-E0DA19-6
HL-07-04-F-6B,PHF-11-10027-3
HL-07-04-F-7A,MLK-20-0A6C88-7
HL-07-04-F-7B,MLK-31-0C4DD3-1
HL-07-04-F-8B,MLK-74-92F373-0
HL-07-05-B-1B,MLK-82-2C27A0-1
HL-07-05-B-1C,MLK-25-4CD5BF-B
HL-07-05-B-2B,MLK-02-58914D-2
HL-07-05-B-2C,MLK-5B-3C21A7-5
HL-07-05-B-3B,MLK-CD-247A92-B
HL-07-05-B-3C,MLK-0D-A72C0C-0
HL-07-05-B-4B,MLK-C4-C1A018-3
HL-07-05-B-4C,MLK-38-A02B31-A
HL-07-05-F-1A,MLK-AA-F4C949-F
HL-07-05-F-1B,BAK-00-103475-5
HL-07-05-F-2A,MLK-A2-9E65A3-C
HL-07-05-F-2B,PHF-11-10167-3
HL-07-05-F-3A,MLK-22-1495CF-A
HL-07-05-F-3B,PHF-11-10254-3
HL-07-05-F-4A,PHF-11-50154-3
HL-07-05-F-4B,MLK-D6-ABE465-5
HL-07-05-F-5A,MLK-29-34FC08-F
HL-07-05-F-6A,MLK-C1-1073F5-4
HL-07-05-F-6B,PHF-11-135489-3
HL-07-05-F-7A,MLK-90-2718EA-2
HL-07-05-F-7B,PHF-11-10028-3
HL-07-05-F-8B,PHF-11-10882-3
HL-07-06-B-1B,MLK-B9-32FB89-0
HL-07-06-B-1C,PHF-11-10028-3
HL-07-06-B-2B,MLK-FC-485D0F-6
HL-07-06-B-2C,MLK-69-AA1F63-F
HL-07-06-B-3B,MLK-FF-21250D-5
HL-07-06-B-3C,MLK-7D-F9F882-B
HL-07-06-B-4B,BAK-00-128883-3
HL-07-06-B-4C,MLK-35-AB7867-1
HL-07-06-F-1A,MLK-5F-55906A-D
HL-07-06-F-1B,PHF-11-10288-3
HL-07-06-F-2A,MLK-C0-6649B6-A
HL-07-06-F-2B,MLK-7F-E0DA19-6
HL-07-06-F-3A,PHF-11-10932-3
HL-07-06-F-3B,MLK-F8-3F3A21-7
HL-07-06-F-4A,PHF-11-50154-3
HL-07-06-F-4B,PHF-11-10031-3
HL-07-06-F-5A,MLK-FB-21AD13-6
HL-07-06-F-6A,PHF-11-135489-3
HL-07-06-F-6B,BAK-00-132771-5
HL-07-06-F-7A,MLK-74-1C3980-2
HL-07-06-F-7B,MLK-B4-979144-1
HL-07-06-F-8B,PHF-11-10027-3
HL-07-07-B-1B,MLK-B0-FD1EBA-C
HL-07-07-B-1C,MLK-6F-F8C410-3
HL-07-07-B-2B,BAK-00-90504-5
HL-07-07-B-2C,MLK-B7-5051A1-A
HL-07-07-B-3B,MLK-29-64D9C5-8
HL-07-07-B-3C,MLK-16-1CB55B-6
HL-07-07-B-4B,MLK-FF-21250D-5
HL-07-07-B-4C,MLK-7D-F9F882-B
HL-07-07-F-1A,MLK-5F-55906A-D
HL-07-07-F-1B,PHF-11-154742-3
HL-07-07-F-2A,PHF-11-135489-3
HL-07-07-F-2B,PHF-11-10023-3
HL-07-07-F-3A,PHF-11-10254-3
HL-07-07-F-3B,PHF-11-10027-3
HL-07-07-F-4A,PHF-11-50154-3
HL-07-07-F-4B,PHF-11-10031-3
HL-07-07-F-5A,MLK-B4-51346E-F
HL-07-07-F-6A,PHF-11-10932-3
HL-07-07-F-6B,MLK-B4-979144-1
HL-07-07-F-7A,MLK-74-1C3980-2
HL-07-07-F-7B,BAK-00-10009-5
HL-07-07-F-8B,MLK-2D-BFC65B-9
HL-07-08-B-1B,MLK-FB-9CD3B0-1
HL-07-08-B-1C,MLK-17-B136FE-6
HL-07-08-B-2B,MLK-EB-4187D0-8
HL-07-08-B-2C,MLK-DA-9DF7CD-7
HL-07-08-B-3B,MLK-5E-3C39AC-0
HL-07-08-B-3C,MLK-38-A02B31-A
HL-07-08-B-4B,MLK-3B-1DB8E4-3
HL-07-08-B-4C,MLK-62-D5432A-3
HL-07-08-F-1A,MLK-A3-57232D-9
HL-07-08-F-1B,MLK-90-690980-A
HL-07-08-F-2A,MLK-69-EBB1DB-A
HL-07-08-F-2B,MLK-BE-ADA759-1
HL-07-08-F-3A,MLK-FB-9CD3B0-1
HL-07-08-F-3B,MLK-E8-5F55DF-F
HL-07-08-F-4A,MLK-AA-F4C949-F
HL-07-08-F-4B,PHF-11-10934-3
HL-07-08-F-5A,MLK-29-34FC08-F
HL-07-08-F-6A,PHF-11-10932-3
HL-07-08-F-6B,BAK-00-103475-5
HL-07-08-F-7A,MLK-74-1C3980-2
HL-07-08-F-7B,MLK-D4-D2A8E2-6
HL-07-08-F-8B,MLK-C9-1A8786-F
HL-07-09-B-1B,MLK-77-BB0F12-B
HL-07-09-B-1C,MLK-B9-B9A2A6-7
HL-07-09-B-2B,MLK-F6-939BD8-7
HL-07-09-B-2C,MLK-71-952B93-E
HL-07-09-B-3B,MLK-27-050995-A
HL-07-09-B-3C,MLK-7D-737528-F
HL-07-09-B-4B,MLK-11-2AE0DD-9
HL-07-09-B-4C,MLK-58-626541-E
HL-07-09-F-1A,MLK-A3-57232D-9
HL-07-09-F-1B,MLK-F7-2B4EF9-5
HL-07-09-F-2A,BAK-00-132772-5
HL-07-09-F-2B,MLK-0C-2226C1-A
HL-07-09-F-3A,MLK-C0-6649B6-A
HL-07-09-F-3B,MLK-7E-CE57F9-C
HL-07-09-F-4A,MLK-F8-3F3A21-7
HL-07-09-F-4B,MLK-4B-F608D6-2
HL-07-09-F-5A,MLK-20-0A6C88-7
HL-07-09-F-6A,MLK-62-7EE61E-4
HL-07-09-F-6B,MLK-03-E18AD7-A
HL-07-09-F-7A,PHF-11-154742-3
HL-07-09-F-7B,MLK-F5-ECA60E-5
HL-07-09-F-8B,MLK-C3-AE9871-1
HL-07-10-B-1B,MLK-EF-05FA8E-C
HL-07-10-B-1C,MLK-A2-7B0859-6
HL-07-10-B-2B,MLK-51-80D1F7-E
HL-07-10-B-2C,MLK-DE-F41624-C
HL-07-10-B-3B,MLK-11-C82E09-9
HL-07-10-B-3C,MLK-33-93552D-2
HL-07-10-B-4B,MLK-90-97805C-E
HL-07-10-B-4C,MLK-50-2474CF-C
HL-07-10-F-1A,MLK-31-0C4DD3-1
HL-07-10-F-1B,MLK-29-64D9C5-8
HL-07-10-F-2A,MLK-4B-F608D6-2
HL-07-10-F-2B,MLK-9F-AC5AAC-9
HL-07-10-F-3A,PHF-11-50154-3
HL-07-10-F-3B,MLK-04-B7F144-9
HL-07-10-F-4A,MLK-FB-21AD13-6
HL-07-10-F-4B,MLK-F4-346664-E
HL-07-10-F-5A,PHF-11-10058-3
HL-07-10-F-6A,MLK-C7-C070D2-7
HL-07-10-F-6B,PHF-11-11293-3
HL-07-10-F-7A,PHF-11-10934-3
HL-07-10-F-7B,MLK-2D-BFC65B-9
HL-07-10-F-8B,MLK-49-83B863-0
HL-07-11-B-1B,CON-11-146570-5
HL-07-11-B-1C,MLK-04-B7F144-9
HL-07-11-B-2B,MLK-09-2AC890-F
HL-07-11-B-2C,MLK-77-D90DD2-B
HL-07-11-B-3B,MLK-9F-AC5AAC-9
HL-07-11-B-3C,BAK-00-103475-5
HL-07-11-B-4B,MLK-53-412BF3-E
HL-07-11-B-4C,PHF-11-10934-3
HL-07-11-F-1A,MLK-AA-F4C949-F
HL-07-11-F-1B,PHF-11-10028-3
HL-07-11-F-2A,MLK-5F-55906A-D
HL-07-11-F-2B,MLK-4B-F608D6-2
HL-07-11-F-3A,PHF-11-10022-3
HL-07-11-F-3B,PHF-11-10023-3
HL-07-11-F-4A,PHF-11-50154-3
HL-07-11-F-4B,BAK-00-132771-5
HL-07-11-F-5A,PHF-11-138325-3
HL-07-11-F-6A,BAK-00-004037-5
HL-07-11-F-6B,PHF-11-10254-3
HL-07-11-F-7A,PHF-11-10932-3
HL-07-11-F-7B,MLK-7D-F9F882-B
HL-07-11-F-8B,MLK-03-E18AD7-A
HL-07-12-B-1B,MLK-6F-F8C410-3
HL-07-12-B-1C,MLK-77-D90DD2-B
HL-07-12-B-2B,MLK-18-1A1568-0
HL-07-12-B-2C,MLK-8B-6E1CF2-7
HL-07-12-B-3B,BAK-00-128883-3
HL-07-12-B-3C,MLK-90-2718EA-2
HL-07-12-B-4B,PHF-11-10167-3
HL-07-12-B-4C,MLK-16-1CB55B-6
HL-07-12-F-1A,MLK-A2-9E65A3-C
HL-07-12-F-1B,PHF-11-10023-3
HL-07-12-F-2A,PHF-11-135489-3
HL-07-12-F-2B,BAK-00-10009-5
HL-07-12-F-3A,PHF-11-10932-3
HL-07-12-F-3B,MLK-B4-979144-1
HL-07-12-F-4A,PHF-11-50154-3
HL-07-12-F-4B,PHF-11-10031-3
HL-07-12-F-5A,MLK-BC-EF954D-A
HL-07-12-F-6A,PHF-11-10058-3
HL-07-12-F-6B,MLK-A8-F34067-4
HL-07-12-F-7A,MLK-5F-55906A-D
HL-07-12-F-7B,MLK-2D-BFC65B-9
HL-07-12-F-8B,PHF-11-154742-3
HL-08-01-B-1B,OTH-00-155107-5
HL-08-01-B-1C,MLK-E0-433166-F
HL-08-01-B-2B,MLK-7B-A271BA-7
HL-08-01-B-2C,MLK-42-EF394D-4
HL-08-01-B-3B,MLK-4D-76D489-D
HL-08-01-B-3C,MLK-72-43CDBD-C
HL-08-01-B-4B,MLK-82-06F059-4
HL-08-01-B-4C,PHF-11-10028-3
HL-08-01-F-1A,MLK-9D-3D672E-5
HL-08-01-F-1B,PHF-11-10256-3
HL-08-01-F-2A,MLK-FB-8C4321-4
HL-08-01-F-2B,MLK-48-D82464-E
HL-08-01-F-3A,PHF-11-10031-3
HL-08-01-F-3B,PHF-11-10931-3
HL-08-01-F-4A,PHF-11-50154-3
HL-08-01-F-4B,BAK-00-128883-3
HL-08-01-F-5A,MLK-A7-60DACA-3
HL-08-01-F-6A,PHF-11-154742-3
HL-08-01-F-6B,PHF-11-10024-3
HL-08-01-F-7A,PHF-11-10060-3
HL-08-01-F-7B,PHF-11-10036-3
HL-08-01-F-8B,MLK-D7-5B9A4C-B
HL-08-02-B-1B,PTN-00-50231-5
HL-08-02-B-1C,MLK-74-2DEB6C-1
HL-08-02-B-2B,MLK-BC-02927F-9
HL-08-02-B-2C,MLK-42-EF394D-4
HL-08-02-B-3B,MLK-50-2474CF-C
HL-08-02-B-3C,BAK-00-10011-5
HL-08-02-B-4B,MLK-CD-247A92-B
HL-08-02-B-4C,PHF-11-10256-3
HL-08-02-F-1A,MLK-8B-32CD2F-5
HL-08-02-F-1B,PHF-11-10931-3
HL-08-02-F-2A,MLK-22-70CF7A-5
HL-08-02-F-2B,PHF-11-10036-3
HL-08-02-F-3A,MLK-89-F2B961-6
HL-08-02-F-3B,PHF-11-10024-3
HL-08-02-F-4A,PHF-11-50154-3
HL-08-02-F-4B,BAK-00-132771-5
HL-08-02-F-5A,MLK-9D-3D672E-5
HL-08-02-F-6A,PHF-11-10031-3
HL-08-02-F-6B,PHF-11-10060-3
HL-08-02-F-7A,MLK-80-2BC262-3
HL-08-02-F-7B,MLK-3C-A451FC-5
HL-08-02-F-8B,MLK-AB-548663-D
HL-08-03-B-1B,MLK-EE-63C3E1-8
HL-08-03-B-1C,MLK-0C-C386DA-8
HL-08-03-B-2B,MLK-EF-05FA8E-C
HL-08-03-B-2C,MLK-72-43CDBD-C
HL-08-03-B-3B,MLK-F6-939BD8-7
HL-08-03-B-3C,MLK-D7-5B9A4C-B
HL-08-03-B-4B,MLK-E8-0B3581-0
HL-08-03-B-4C,PHF-11-10256-3
HL-08-03-F-1A,MLK-8B-32CD2F-5
HL-08-03-F-1B,BAK-00-10011-5
HL-08-03-F-2A,MLK-A7-60DACA-3
HL-08-03-F-2B,PHF-11-10931-3
HL-08-03-F-3A,MLK-80-2BC262-3
HL-08-03-F-3B,PHF-11-10024-3
HL-08-03-F-4A,PHF-11-50154-3
HL-08-03-F-4B,PHF-11-10031-3
HL-08-03-F-5A,MLK-9D-3D672E-5
HL-08-03-F-6A,PHF-11-154742-3
HL-08-03-F-6B,PHF-11-10060-3
HL-08-03-F-7A,MLK-FB-8C4321-4
HL-08-03-F-7B,PHF-11-10036-3
HL-08-03-F-8B,MLK-48-D82464-E
HL-08-04-B-1B,MLK-BE-ADA759-1
HL-08-04-B-1C,MLK-12-F0BB72-1
HL-08-04-B-2B,MLK-25-BE63AF-4
HL-08-04-B-2C,MLK-8D-8CFAA7-F
HL-08-04-B-3B,MLK-12-F29906-1
HL-08-04-B-3C,MLK-A5-B4A01B-2
HL-08-04-B-4B,MLK-8D-A2B93E-D
HL-08-04-B-4C,MLK-72-BFABE2-A
HL-08-04-F-1A,MLK-60-6F87B1-B
HL-08-04-F-1B,MLK-70-91967B-C
HL-08-04-F-2A,PHF-11-10022-3
HL-08-04-F-2B,MLK-91-21077E-D
HL-08-04-F-3A,BAK-00-132772-5
HL-08-04-F-3B,MLK-20-21B6CA-A
HL-08-04-F-4A,PHF-11-11293-3
HL-08-04-F-4B,MLK-C5-1F24E3-5
HL-08-04-F-8B,MLK-D4-7C790A-8
HL-08-05-B-1B,CON-11-146570-5
HL-08-05-B-1C,MLK-5F-8351EF-F
HL-08-05-B-2B,BAK-00-10009-5
HL-08-05-B-2C,MLK-82-06F059-4
HL-08-05-B-3B,MLK-18-1A1568-0
HL-08-05-B-3C,MLK-E0-433166-F
HL-08-05-B-4B,MLK-F7-099588-B
HL-08-05-B-4C,MLK-51-AD817D-0
HL-08-05-F-1A,MLK-9D-3D672E-5
HL-08-05-F-1B,MLK-72-43CDBD-C
HL-08-05-F-2A,MLK-FB-8C4321-4
HL-08-05-F-2B,PHF-11-10256-3
HL-08-05-F-3A,PHF-11-10031-3
HL-08-05-F-3B,MLK-48-D82464-E
HL-08-05-F-4A,PHF-11-50154-3
HL-08-05-F-4B,PHF-11-10024-3
HL-08-05-F-5A,MLK-A7-60DACA-3
HL-08-05-F-6A,PHF-11-154742-3
HL-08-05-F-6B,PHF-11-10931-3
HL-08-05-F-7A,BAK-00-128883-3
HL-08-05-F-7B,MLK-D7-5B9A4C-B
HL-08-05-F-8B,PHF-11-10028-3
HL-08-06-B-1B,MLK-92-8C354B-3
HL-08-06-B-1C,MLK-96-A3C6C5-8
HL-08-06-B-2B,MLK-5F-8351EF-F
HL-08-06-B-2C,MLK-C1-A31C82-E
HL-08-06-B-3B,MLK-02-58914D-2
HL-08-06-B-3C,MLK-25-BE63AF-4
HL-08-06-B-4B,MLK-9A-A62719-2
HL-08-06-B-4C,MLK-AF-53D14B-8
HL-08-06-F-1A,MLK-22-70CF7A-5
HL-08-06-F-1B,MLK-65-349502-D
HL-08-06-F-2A,MLK-80-2BC262-3
HL-08-06-F-2B,MLK-56-447625-C
HL-08-06-F-3A,MLK-3C-A451FC-5
HL-08-06-F-3B,MLK-BF-DA5D1F-2
HL-08-06-F-4A,PHF-11-50154-3
HL-08-06-F-4B,PHF-11-10036-3
HL-08-06-F-5A,MLK-8B-32CD2F-5
HL-08-06-F-6A,PHF-11-10060-3
HL-08-06-F-6B,BAK-00-10011-5
HL-08-06-F-7A,MLK-89-F2B961-6
HL-08-06-F-7B,MLK-0C-C386DA-8
HL-08-06-F-8B,MLK-DA-9769C2-6
HL-08-07-B-1B,MLK-25-4CD5BF-B
HL-08-07-B-1C,MLK-FE-993F99-7
HL-08-07-B-2B,MLK-13-7B89DA-E
HL-08-07-B-2C,PHF-11-10932-3
HL-08-07-B-3B,MLK-5A-579729-1
HL-08-07-B-3C,MLK-C1-3F9B55-4
HL-08-07-B-4B,MLK-E8-5F55DF-F
HL-08-07-B-4C,MLK-42-19B66A-E
HL-08-07-F-1A,MLK-3C-4AA773-9
HL-08-07-F-1B,MLK-82-06F059-4
HL-08-07-F-2A,PHF-11-10022-3
HL-08-07-F-2B,PHF-11-10255-3
HL-08-07-F-3A,BAK-00-132771-5
HL-08-07-F-3B,MLK-AE-7385A3-F
HL-08-07-F-4A,MLK-8A-CB57CD-7
HL-08-07-F-4B,MLK-A7-91B3F7-B
HL-08-07-F-5A,PHF-11-11293-3
HL-08-07-F-6A,BAK-00-128883-3
HL-08-07-F-6B,MLK-AE-6CBE00-9
HL-08-07-F-7A,PHF-11-10028-3
HL-08-07-F-7B,MLK-72-BFABE2-A
HL-08-07-F-8B,MLK-74-024AFE-9
HL-08-08-B-1B,BAK-00-115695-5
HL-08-08-B-1C,MLK-8D-A2B93E-D
HL-08-08-B-2B,MLK-C5-EB07C1-C
HL-08-08-B-2C,MLK-12-F0BB72-1
HL-08-08-B-3B,MLK-03-E88274-1
HL-08-08-B-3C,MLK-EE-67F2CE-9
HL-08-08-B-4B,MLK-05-65E2A2-4
HL-08-08-B-4C,MLK-92-247831-0
HL-08-08-F-1A,PHF-11-10882-3
HL-08-08-F-1B,MLK-55-6C108E-3
HL-08-08-F-2A,PHF-11-10167-3
HL-08-08-F-2B,MLK-BF-DA5D1F-2
HL-08-08-F-3A,BAK-00-132771-5
HL-08-08-F-3B,MLK-A6-DF6EAA-1
HL-08-08-F-4A,PHF-11-10031-3
HL-08-08-F-4B,MLK-67-A6EF8B-2
HL-08-08-F-8B,MLK-4B-69DF9D-9
HL-08-09-B-1B,MLK-99-AF4FC5-A
HL-08-09-B-1C,PHF-11-154745-3
HL-08-09-B-2B,MLK-51-80D1F7-E
HL-08-09-B-2C,MLK-EC-A0A1B9-D
HL-08-09-B-3B,PHF-11-10014-3
HL-08-09-B-3C,MLK-DB-ED3202-7
HL-08-09-B-4B,MLK-6B-A39BE8-E
HL-08-09-B-4C,BAK-00-004037-5
HL-08-09-F-1A,MLK-80-2BC262-3
HL-08-09-F-1B,BAK-00-10011-5
HL-08-09-F-2A,PHF-11-10060-3
HL-08-09-F-2B,PHF-11-10036-3
HL-08-09-F-3A,PHF-11-50154-3
HL-08-09-F-3B,MLK-3C-A451FC-5
HL-08-09-F-4A,MLK-8B-32CD2F-5
HL-08-09-F-4B,MLK-44-5CDAE1-5
HL-08-09-F-5A,BAK-00-132771-5
HL-08-09-F-6A,MLK-89-F2B961-6
HL-08-09-F-6B,PHF-11-10931-3
HL-08-09-F-7A,MLK-22-70CF7A-5
HL-08-09-F-7B,MLK-74-2DEB6C-1
HL-08-09-F-8B,MLK-5F-8351EF-F
HL-08-10-B-1B,MLK-11-2AE0DD-9
HL-08-10-B-1C,BAK-00-004037-5
HL-08-10-B-2B,MLK-4D-76D489-D
HL-08-10-B-2C,MLK-42-EF394D-4
HL-08-10-B-3B,MLK-A0-4DB3E1-A
HL-08-10-B-3C,BAK-00-10011-5
HL-08-10-B-4B,MLK-42-105770-3
HL-08-10-B-4C,MLK-51-AD817D-0
HL-08-10-F-1A,MLK-8B-32CD2F-5
HL-08-10-F-1B,PHF-11-10036-3
HL-08-10-F-2A,MLK-89-F2B961-6
HL-08-10-F-2B,MLK-3C-A451FC-5
HL-08-10-F-3A,PHF-11-50154-3
HL-08-10-F-3B,PHF-11-10060-3
HL-08-10-F-4A,MLK-A7-60DACA-3
HL-08-10-F-4B,MLK-AB-548663-D
HL-08-10-F-5A,MLK-80-2BC262-3
HL-08-10-F-6A,MLK-22-70CF7A-5
HL-08-10-F-6B,PHF-11-10024-3
HL-08-10-F-7A,MLK-9D-3D672E-5
HL-08-10-F-7B,PHF-11-10931-3
HL-08-10-F-8B,PHF-11-10256-3
HL-08-11-B-1B,MLK-B9-32FB89-0
HL-08-11-B-1C,MLK-0C-2226C1-A
HL-08-11-B-2B,MLK-09-2AC890-F
HL-08-11-B-2C,MLK-FE-139E5E-1
HL-08-11-B-3B,PRO-11-146318-5
HL-08-11-B-3C,MLK-8F-57A104-4
HL-08-11-B-4B,MLK-C4-C1A018-3
HL-08-11-B-4C,MLK-42-105770-3
HL-08-11-F-1A,MLK-A6-DF6EAA-1
HL-08-11-F-1B,MLK-74-2DEB6C-1
HL-08-11-F-2A,MLK-67-A6EF8B-2
HL-08-11-F-2B,MLK-58-3F3786-E
HL-08-11-F-3A,BAK-00-132771-5
HL-08-11-F-3B,MLK-EE-67F2CE-9
HL-08-11-F-4A,PHF-11-50154-3
HL-08-11-F-4B,MLK-4B-69DF9D-9
HL-08-11-F-5A,PHF-11-138325-3
HL-08-11-F-6A,PHF-11-10031-3
HL-08-11-F-6B,MLK-A0-4DB3E1-A
HL-08-11-F-7A,PHF-11-10167-3
HL-08-11-F-7B,MLK-82-5C5283-B
HL-08-11-F-8B,MLK-92-247831-0
HL-08-12-B-1B,MLK-B0-FD1EBA-C
HL-08-12-B-1C,MLK-F7-A72164-E
HL-08-12-B-2B,MLK-AB-48E925-7
HL-08-12-B-2C,MLK-51-AD817D-0
HL-08-12-B-3B,MLK-EB-4187D0-8
HL-08-12-B-3C,PHF-11-10028-3
HL-08-12-B-4B,BAK-00-90504-5
HL-08-12-B-4C,MLK-E0-433166-F
HL-08-12-F-1A,MLK-9D-3D672E-5
HL-08-12-F-1B,MLK-72-43CDBD-C
HL-08-12-F-2A,MLK-FB-8C4321-4
HL-08-12-F-2B,MLK-D7-5B9A4C-B
HL-08-12-F-3A,PHF-11-10060-3
HL-08-12-F-3B,PHF-11-10931-3
HL-08-12-F-4A,PHF-11-50154-3
HL-08-12-F-4B,PHF-11-10036-3
HL-08-12-F-5A,MLK-A7-60DACA-3
HL-08-12-F-6A,PHF-11-154742-3
HL-08-12-F-6B,PHF-11-10024-3
HL-08-12-F-7A,PHF-11-10031-3
HL-08-12-F-7B,MLK-48-D82464-E
HL-08-12-F-8B,PHF-11-10256-3
HL-09-01-B-1B,OTH-00-155107-5
HL-09-01-B-1C,MLK-53-412BF3-E
HL-09-01-B-2B,PHF-11-11293-3
HL-09-01-B-2C,MLK-FF-21250D-5
HL-09-01-B-3B,MLK-F0-3D53EB-0
HL-09-01-B-3C,PHF-11-10288-3
HL-09-01-B-4B,MLK-F2-3F13B0-5
HL-09-01-B-4C,MLK-04-B7F144-9
HL-09-01-F-1A,MLK-22-1495CF-A
HL-09-01-F-1B,MLK-8B-6E1CF2-7
HL-09-01-F-2A,MLK-A2-9E65A3-C
HL-09-01-F-2B,BAK-00-10009-5
HL-09-01-F-3A,PHF-11-10254-3
HL-09-01-F-3B,PHF-11-135489-3
HL-09-01-F-4A,PHF-11-50154-3
HL-09-01-F-4B,BAK-00-132771-5
HL-09-01-F-5A,PHF-11-10022-3
HL-09-01-F-6A,PHF-11-10058-3
HL-09-01-F-6B,MLK-A8-F34067-4
HL-09-01-F-7A,PHF-11-10031-3
HL-09-01-F-7B,MLK-16-1CB55B-6
HL-09-01-F-8B,MLK-BC-EF954D-A
HL-09-02-B-1B,PTN-00-50231-5
HL-09-02-B-1C,MLK-BC-EF954D-A
HL-09-02-B-2B,MLK-9A-A62719-2
HL-09-02-B-2C,MLK-16-1CB55B-6
HL-09-02-B-3B,MLK-8B-6E1CF2-7
HL-09-02-B-3C,PHF-11-10031-3
HL-09-02-B-4B,MLK-90-2718EA-2
HL-09-02-B-4C,PHF-11-10023-3
HL-09-02-F-1A,PHF-11-154742-3
HL-09-02-F-1B,PHF-11-10027-3
HL-09-02-F-2A,MLK-B4-51346E-F
HL-09-02-F-2B,MLK-B4-979144-1
HL-09-02-F-3A,PHF-11-10932-3
HL-09-02-F-3B,BAK-00-132771-5
HL-09-02-F-4A,PHF-11-50154-3
HL-09-02-F-4B,PHF-11-10254-3
HL-09-02-F-5A,MLK-2D-BFC65B-9
HL-09-02-F-6A,PHF-11-10058-3
HL-09-02-F-6B,MLK-A8-F34067-4
HL-09-02-F-7A,MLK-74-1C3980-2
HL-09-02-F-7B,PHF-11-135489-3
HL-09-02-F-8B,BAK-00-10009-5
HL-09-03-B-1B,MLK-EE-63C3E1-8
HL-09-03-B-1C,MLK-69-AA1F63-F
HL-09-03-B-2B,MLK-7B-A271BA-7
HL-09-03-B-2C,MLK-90-2718EA-2
HL-09-03-B-3B,PHF-11-11293-3
HL-09-03-B-3C,MLK-4C-D182FA-B
HL-09-03-B-4B,MLK-8B-6E1CF2-7
HL-09-03-B-4C,MLK-BC-EF954D-A
HL-09-03-F-1A,MLK-5F-55906A-D
HL-09-03-F-1B,MLK-16-1CB55B-6
HL-09-03-F-2A,PHF-11-10031-3
HL-09-03-F-2B,MLK-B4-979144-1
HL-09-03-F-3A,PHF-11-10932-3
HL-09-03-F-3B,PHF-11-10254-3
HL-09-03-F-4A,PHF-11-50154-3
HL-09-03-F-4B,MLK-A8-F34067-4
HL-09-03-F-5A,MLK-22-1495CF-A
HL-09-03-F-6A,PHF-11-10058-3
HL-09-03-F-6B,BAK-00-132771-5
HL-09-03-F-7A,PHF-11-135489-3
HL-09-03-F-7B,PHF-11-10023-3
HL-09-03-F-8B,BAK-00-10009-5
HL-09-04-B-1B,MLK-92-8C354B-3
HL-09-04-B-1C,PHF-11-10931-3
HL-09-04-B-2B,MLK-BC-02927F-9
HL-09-04-B-2C,BAK-00-128883-3
HL-09-04-B-3B,MLK-1D-A81AA6-D
HL-09-04-B-3C,MLK-0D-A72C0C-0
HL-09-04-B-4B,PHF-11-10024-3
HL-09-04-B-4C,PRO-11-146318-5
HL-09-04-F-1A,PHF-11-10022-3
HL-09-04-F-1B,MLK-F2-3F13B0-5
HL-09-04-F-2A,MLK-B4-51346E-F
HL-09-04-F-2B,MLK-D6-ABE465-5
HL-09-04-F-3A,MLK-69-AA1F63-F
HL-09-04-F-3B,MLK-62-7EE61E-4
HL-09-04-F-4A,PHF-11-10058-3
HL-09-04-F-4B,PHF-11-10031-3
HL-09-04-F-5A,MLK-FB-9CD3B0-1
HL-09-04-F-6A,MLK-7F-E0DA19-6
HL-09-04-F-6B,PHF-11-10027-3
HL-09-04-F-7A,MLK-20-0A6C88-7
HL-09-04-F-7B,MLK-31-0C4DD3-1
HL-09-04-F-8B,MLK-74-92F373-0
HL-09-05-B-1B,MLK-82-2C27A0-1
HL-09-05-B-1C,MLK-25-4CD5BF-B
HL-09-05-B-2B,MLK-02-58914D-2
HL-09-05-B-2C,MLK-5B-3C21A7-5
HL-09-05-B-3B,MLK-CD-247A92-B
HL-09-05-B-3C,MLK-0D-A72C0C-0
HL-09-05-B-4B,MLK-C4-C1A018-3
HL-09-05-B-4C,MLK-38-A02B31-A
HL-09-05-F-1A,MLK-AA-F4C949-F
HL-09-05-F-1B,BAK-00-103475-5
HL-09-05-F-2A,MLK-A2-9E65A3-C
HL-09-05-F-2B,PHF-11-10167-3
HL-09-05-F-3A,MLK-22-1495CF-A
HL-09-05-F-3B,PHF-11-10254-3
HL-09-05-F-4A,PHF-11-50154-3
HL-09-05-F-4B,MLK-D6-ABE465-5
HL-09-05-F-5A,MLK-29-34FC08-F
HL-09-05-F-6A,MLK-C1-1073F5-4
HL-09-05-F-6B,PHF-11-135489-3
HL-09-05-F-7A,MLK-90-2718EA-2
HL-09-05-F-7B,PHF-11-10028-3
HL-09-05-F-8B,PHF-11-10882-3
HL-09-06-B-1B,MLK-B9-32FB89-0
HL-09-06-B-1C,PHF-11-10028-3
HL-09-06-B-2B,MLK-FC-485D0F-6
HL-09-06-B-2C,MLK-69-AA1F63-F
HL-09-06-B-3B,MLK-FF-21250D-5
HL-09-06-B-3C,MLK-7D-F9F882-B
HL-09-06-B-4B,BAK-00-128883-3
HL-09-06-B-4C,MLK-35-AB7867-1
HL-09-06-F-1A,MLK-5F-55906A-D
HL-09-06-F-1B,PHF-11-10288-3
HL-09-06-F-2A,MLK-C0-6649B6-A
HL-09-06-F-2B,MLK-7F-E0DA19-6
HL-09-06-F-3A,PHF-11-10932-3
HL-09-06-F-3B,MLK-F8-3F3A21-7
HL-09-06-F-4A,PHF-11-50154-3
HL-09-06-F-4B,PHF-11-10031-3
HL-09-06-F-5A,MLK-FB-21AD13-6
HL-09-06-F-6A,PHF-11-135489-3
HL-09-06-F-6B,BAK-00-132771-5
HL-09-06-F-7A,MLK-74-1C3980-2
HL-09-06-F-7B,MLK-B4-979144-1
HL-09-06-F-8B,PHF-11-10027-3
HL-09-07-B-1B,MLK-B0-FD1EBA-C
HL-09-07-B-1C,MLK-6F-F8C410-3
HL-09-07-B-2B,BAK-00-90504-5
HL-09-07-B-2C,MLK-B7-5051A1-A
HL-09-07-B-3B,MLK-29-64D9C5-8
HL-09-07-B-3C,MLK-16-1CB55B-6
HL-09-07-B-4B,MLK-FF-21250D-5
HL-09-07-B-4C,MLK-7D-F9F882-B
HL-09-07-F-1A,MLK-5F-55906A-D
HL-09-07-F-1B,PHF-11-154742-3
HL-09-07-F-2A,PHF-11-135489-3
HL-09-07-F-2B,PHF-11-10023-3
HL-09-07-F-3A,PHF-11-10254-3
HL-09-07-F-3B,PHF-11-10027-3
HL-09-07-F-4A,PHF-11-50154-3
HL-09-07-F-4B,PHF-11-10031-3
HL-09-07-F-5A,MLK-B4-51346E-F
HL-09-07-F-6A,PHF-11-10932-3
HL-09-07-F-6B,MLK-B4-979144-1
HL-09-07-F-7A,MLK-74-1C3980-2
HL-09-07-F-7B,BAK-00-10009-5
HL-09-07-F-8B,MLK-2D-BFC65B-9
HL-09-08-B-1B,MLK-FB-9CD3B0-1
HL-09-08-B-1C,MLK-17-B136FE-6
HL-09-08-B-2B,MLK-EB-4187D0-8
HL-09-08-B-2C,MLK-DA-9DF7CD-7
HL-09-08-B-3B,MLK-5E-3C39AC-0
HL-09-08-B-3C,MLK-38-A02B31-A
HL-09-08-B-4B,MLK-3B-1DB8E4-3
HL-09-08-B-4C,MLK-62-D5432A-3
HL-09-08-F-1A,MLK-A3-57232D-9
HL-09-08-F-1B,MLK-90-690980-A
HL-09-08-F-2A,MLK-69-EBB1DB-A
HL-09-08-F-2B,MLK-BE-ADA759-1
HL-09-08-F-3A,MLK-FB-9CD3B0-1
HL-09-08-F-3B,MLK-E8-5F55DF-F
HL-09-08-F-4A,MLK-AA-F4C949-F
HL-09-08-F-4B,PHF-11-10934-3
HL-09-08-F-5A,MLK-29-34FC08-F
HL-09-08-F-6A,PHF-11-10932-3
HL-09-08-F-6B,BAK-00-103475-5
HL-09-08-F-7A,MLK-74-1C3980-2
HL-09-08-F-7B,MLK-D4-D2A8E2-6
HL-09-08-F-8B,MLK-C9-1A8786-F
HL-09-09-B-1B,MLK-77-BB0F12-B
HL-09-09-B-1C,MLK-B9-B9A2A6-7
HL-09-09-B-2B,MLK-F6-939BD8-7
HL-09-09-B-2C,MLK-71-952B93-E
HL-09-09-B-3B,MLK-27-050995-A
HL-09-09-B-3C,MLK-7D-737528-F
HL-09-09-B-4B,MLK-11-2AE0DD-9
HL-09-09-B-4C,MLK-58-626541-E
HL-09-09-F-1A,MLK-A3-57232D-9
HL-09-09-F-1B,MLK-F7-2B4EF9-5
HL-09-09-F-2A,BAK-00-132772-5
HL-09-09-F-2B,MLK-0C-2226C1-A
HL-09-09-F-3A,MLK-C0-6649B6-A
HL-09-09-F-3B,MLK-7E-CE57F9-C
HL-09-09-F-4A,MLK-F8-3F3A21-7
HL-09-09-F-4B,MLK-4B-F608D6-2
HL-09-09-F-5A,MLK-20-0A6C88-7
HL-09-09-F-6A,MLK-62-7EE61E-4
HL-09-09-F-6B,MLK-03-E18AD7-A
HL-09-09-F-7A,PHF-11-154742-3
HL-09-09-F-7B,MLK-F5-ECA60E-5
HL-09-09-F-8B,MLK-C3-AE9871-1
HL-09-10-B-1B,MLK-EF-05FA8E-C
HL-09-10-B-1C,MLK-A2-7B0859-6
HL-09-10-B-2B,MLK-51-80D1F7-E
HL-09-10-B-2C,MLK-DE-F41624-C
HL-09-10-B-3B,MLK-11-C82E09-9
HL-09-10-B-3C,MLK-33-93552D-2
HL-09-10-B-4B,MLK-90-97805C-E
HL-09-10-B-4C,MLK-50-2474CF-C
HL-09-10-F-1A,MLK-31-0C4DD3-1
HL-09-10-F-1B,MLK-29-64D9C5-8
HL-09-10-F-2A,MLK-4B-F608D6-2
HL-09-10-F-2B,MLK-9F-AC5AAC-9
HL-09-10-F-3A,PHF-11-50154-3
HL-09-10-F-3B,MLK-04-B7F144-9
HL-09-10-F-4A,MLK-FB-21AD13-6
HL-09-10-F-4B,MLK-F4-346664-E
HL-09-10-F-5A,PHF-11-10058-3
HL-09-10-F-6A,MLK-C7-C070D2-7
HL-09-10-F-6B,PHF-11-11293-3
HL-09-10-F-7A,PHF-11-10934-3
HL-09-10-F-7B,MLK-2D-BFC65B-9
HL-09-10-F-8B,MLK-49-83B863-0
HL-09-11-B-1B,CON-11-146570-5
HL-09-11-B-1C,MLK-04-B7F144-9
HL-09-11-B-2B,MLK-09-2AC890-F
HL-09-11-B-2C,MLK-77-D90DD2-B
HL-09-11-B-3B,MLK-9F-AC5AAC-9
HL-09-11-B-3C,BAK-00-103475-5
HL-09-11-B-4B,MLK-53-412BF3-E
HL-09-11-B-4C,PHF-11-10934-3
HL-09-11-F-1A,MLK-AA-F4C949-F
HL-09-11-F-1B,PHF-11-10028-3
HL-09-11-F-2A,MLK-5F-55906A-D
HL-09-11-F-2B,MLK-4B-F608D6-2
HL-09-11-F-3A,PHF-11-10022-3
HL-09-11-F-3B,PHF-11-10023-3
HL-09-11-F-4A,PHF-11-50154-3
HL-09-11-F-4B,BAK-00-132771-5
HL-09-11-F-5A,PHF-11-138325-3
HL-09-11-F-6A,BAK-00-004037-5
HL-09-11-F-6B,PHF-11-10254-3
HL-09-11-F-7A,PHF-11-10932-3
HL-09-11-F-7B,MLK-7D-F9F882-B
HL-09-11-F-8B,MLK-03-E18AD7-A
HL-09-12-B-1B,MLK-6F-F8C410-3
HL-09-12-B-1C,MLK-77-D90DD2-B
HL-09-12-B-2B,MLK-18-1A1568-0
HL-09-12-B-2C,MLK-8B-6E1CF2-7
HL-09-12-B-3B,BAK-00-128883-3
HL-09-12-B-3C,MLK-90-2718EA-2
HL-09-12-B-4B,PHF-11-10167-3
HL-09-12-B-4C,MLK-16-1CB55B-6
HL-09-12-F-1A,MLK-A2-9E65A3-C
HL-09-12-F-1B,PHF-11-10023-3
HL-09-12-F-2A,PHF-11-135489-3
HL-09-12-F-2B,BAK-00-10009-5
HL-09-12-F-3A,PHF-11-10932-3
HL-09-12-F-3B,MLK-B4-979144-1
HL-09-12-F-4A,PHF-11-50154-3
HL-09-12-F-4B,PHF-11-10031-3
HL-09-12-F-5A,MLK-BC-EF954D-A
HL-09-12-F-6A,PHF-11-10058-3
HL-09-12-F-6B,MLK-A8-F34067-4
HL-09-12-F-7A,MLK-5F-55906A-D
HL-09-12-F-7B,MLK-2D-BFC65B-9
HL-09-12-F-8B,PHF-11-154742-3
HL-10-01-B-1B,OTH-00-155107-5
HL-10-01-B-1C,MLK-86-2BE171-7
HL-10-01-B-2B,MLK-BC-02927F-9
HL-10-01-B-2C,MLK-92-B99AAF-5
HL-10-01-B-3B,MLK-EB-4187D0-8
HL-10-01-B-3C,PHF-11-10031-3
HL-10-01-B-4B,BAK-00-90504-5
HL-10-01-B-4C,MLK-59-4C7207-9
HL-10-01-F-1A,MLK-4E-894683-3
HL-10-01-F-1B,PHF-11-10288-3
HL-10-01-F-2A,MLK-DA-E0DFCE-C
HL-10-01-F-2B,BAK-00-132772-5
HL-10-01-F-3A,PHF-11-10036-3
HL-10-01-F-3B,MLK-6E-2BBF62-C
HL-10-01-F-4A,PHF-11-50154-3
HL-10-01-F-4B,PHF-11-10024-3
HL-10-01-F-5A,MLK-BE-907BD5-E
HL-10-01-F-6A,PHF-11-10882-3
HL-10-01-F-6B,BAK-00-10010-5
HL-10-01-F-7A,MLK-1F-6998AD-1
HL-10-01-F-7B,MLK-A7-54B099-A
HL-10-01-F-8B,MLK-BB-760ACA-9
HL-10-02-B-1B,MLK-D9-09796B-3
HL-10-02-B-1C,MLK-9B-7FF2FF-5
HL-10-02-B-2B,MLK-9A-A62719-2
HL-10-02-B-2C,MLK-B7-7A1D72-F
HL-10-02-B-3B,MLK-80-1F5FB0-F
HL-10-02-B-3C,PHF-11-11292-3
HL-10-02-B-4B,MLK-FC-908A17-E
HL-10-02-B-4C,MLK-BA-85F903-E
HL-10-02-F-1A,MLK-1F-6998AD-1
HL-10-02-F-1B,BAK-00-132772-5
HL-10-02-F-2A,MLK-31-E27063-7
HL-10-02-F-2B,MLK-5A-C9A7C0-5
HL-10-02-F-3A,PHF-11-10036-3
HL-10-02-F-3B,PHF-11-10288-3
HL-10-02-F-4A,PHF-11-50154-3
HL-10-02-F-4B,PHF-11-10255-3
HL-10-02-F-5A,MLK-14-3302B9-1
HL-10-02-F-6A,PHF-11-154742-3
HL-10-02-F-6B,PHF-11-10024-3
HL-10-02-F-7A,PHF-11-10882-3
HL-10-02-F-7B,MLK-BB-760ACA-9
HL-10-02-F-8B,MLK-59-4C7207-9
HL-10-03-B-1B,MLK-B9-32FB89-0
HL-10-03-B-1C,PHF-11-10031-3
HL-10-03-B-2B,MLK-80-1F5FB0-F
HL-10-03-B-2C,BAK-00-132772-5
HL-10-03-B-3B,MLK-CC-3A5C73-F
HL-10-03-B-3C,PHF-11-11292-3
HL-10-03-B-4B,MLK-B7-7A1D72-F
HL-10-03-B-4C,MLK-6E-2BBF62-C
HL-10-03-F-1A,MLK-BE-907BD5-E
HL-10-03-F-1B,MLK-6A-2AB4EE-4
HL-10-03-F-2A,MLK-31-E27063-7
HL-10-03-F-2B,PHF-11-11293-3
HL-10-03-F-3A,PHF-11-10036-3
HL-10-03-F-3B,PHF-11-10255-3
HL-10-03-F-4A,PHF-11-50154-3
HL-10-03-F-4B,MLK-A7-54B099-A
HL-10-03-F-5A,MLK-4E-894683-3
HL-10-03-F-6A,PHF-11-10882-3
HL-10-03-F-6B,BAK-00-128883-3
HL-10-03-F-7A,MLK-DA-E0DFCE-C
HL-10-03-F-7B,BAK-00-10010-5
HL-10-03-F-8B,PHF-11-10288-3
HL-10-04-B-1B,MLK-EF-05FA8E-C
HL-10-04-B-1C,PHF-11-11292-3
HL-10-04-B-2B,BAK-00-004037-5
HL-10-04-B-2C,MLK-B7-7A1D72-F
HL-10-04-B-3B,MLK-F7-57C0C9-0
HL-10-04-B-3C,MLK-5A-C9A7C0-5
HL-10-04-B-4B,MLK-9B-7FF2FF-5
HL-10-04-B-4C,MLK-AF-C358BE-8
HL-10-04-F-1A,MLK-4E-894683-3
HL-10-04-F-1B,PHF-11-10255-3
HL-10-04-F-2A,MLK-31-E27063-7
HL-10-04-F-2B,BAK-00-132772-5
HL-10-04-F-3A,PHF-11-10036-3
HL-10-04-F-3B,PHF-11-10024-3
HL-10-04-F-4A,PHF-11-50154-3
HL-10-04-F-4B,MLK-A7-54B099-A
HL-10-04-F-5A,MLK-BE-907BD5-E
HL-10-04-F-6A,PHF-11-10882-3
HL-10-04-F-6B,PHF-11-10031-3
HL-10-04-F-7A,MLK-DA-E0DFCE-C
HL-10-04-F-7B,BAK-00-10010-5
HL-10-04-F-8B,PHF-11-10288-3
HL-10-05-B-1B,MLK-B0-FD1EBA-C
HL-10-05-B-1C,MLK-B7-7A1D72-F
HL-10-05-B-2B,MLK-E8-7F0A6A-7
HL-10-05-B-2C,MLK-BA-85F903-E
HL-10-05-B-3B,MLK-9B-7FF2FF-5
HL-10-05-B-3C,PHF-11-11292-3
HL-10-05-B-4B,MLK-96-20A0D5-6
HL-10-05-B-4C,BAK-00-132772-5
HL-10-05-F-1A,PHF-11-10024-3
HL-10-05-F-1B,MLK-6A-2AB4EE-4
HL-10-05-F-2A,MLK-31-E27063-7
HL-10-05-F-2B,MLK-AF-C358BE-8
HL-10-05-F-3A,PHF-11-10167-3
HL-10-05-F-3B,PHF-11-11293-3
HL-10-05-F-4A,PHF-11-50154-3
HL-10-05-F-4B,PHF-11-10255-3
HL-10-05-F-5A,MLK-14-3302B9-1
HL-10-05-F-6A,PHF-11-10882-3
HL-10-05-F-6B,PHF-11-10288-3
HL-10-05-F-7A,BAK-00-128883-3
HL-10-05-F-7B,PHF-11-10036-3
HL-10-05-F-8B,MLK-42-C1434A-6
HL-10-06-B-1B,MLK-64-02C0E8-3
HL-10-06-B-1C,MLK-1E-DD6B89-1
HL-10-06-B-2B,MLK-0C-2226C1-A
HL-10-06-B-2C,MLK-09-E7EA20-7
HL-10-06-B-3B,MLK-C3-0B8ECF-9
HL-10-06-B-3C,PHF-11-10023-3
HL-10-06-B-4B,MLK-81-C6D508-7
HL-10-06-B-4C,MLK-99-8D8E46-B
HL-10-06-F-1A,MLK-4F-6D4A01-0
HL-10-06-F-1B,MLK-14-336663-C
HL-10-06-F-2A,MLK-DA-DBAC4E-8
HL-10-06-F-2B,MLK-38-23CFC1-C
HL-10-06-F-3A,BAK-00-132771-5
HL-10-06-F-3B,PHF-11-11293-3
HL-10-06-F-4A,MLK-16-44F5BD-3
HL-10-06-F-4B,MLK-5B-206FF8-C
HL-10-06-F-5A,MLK-F7-2A1B1D-0
HL-10-06-F-6A,MLK-62-871451-7
HL-10-06-F-6B,MLK-F8-D9EDF4-0
HL-10-06-F-7A,MLK-1B-9BAC52-F
HL-10-06-F-7B,MLK-6F-020F6F-3
HL-10-06-F-8B,PHF-11-10028-3
HL-10-07-B-1B,MLK-E8-5F55DF-F
HL-10-07-B-1C,MLK-1A-4A4F4D-B
HL-10-07-B-2B,PHF-11-10932-3
HL-10-07-B-2C,MLK-BE-ADA759-1
HL-10-07-B-3B,BAK-00-115693-5
HL-10-07-B-3C,PHF-11-10060-3
HL-10-07-B-4B,MLK-C0-FDD886-9
HL-10-07-B-4C,MLK-75-C16D0F-8
HL-10-07-F-1A,MLK-36-401CF6-C
HL-10-07-F-1B,MLK-AB-C3972C-D
HL-10-07-F-2A,MLK-1B-85B860-F
HL-10-07-F-2B,MLK-43-04BA06-A
HL-10-07-F-3A,MLK-96-20A0D5-6
HL-10-07-F-3B,MLK-5E-7699EB-C
HL-10-07-F-4A,MLK-05-24E6EF-2
HL-10-07-F-4B,MLK-4F-E5098A-E
HL-10-07-F-5A,MLK-6E-24117A-8
HL-10-07-F-6A,MLK-91-6E9E87-B
HL-10-07-F-6B,PHF-11-10254-3
HL-10-07-F-7A,PHF-11-10931-3
HL-10-07-F-7B,MLK-BC-DA353B-0
HL-10-07-F-8B,MLK-22-B7D96F-3
HL-10-08-B-1B,CON-11-146570-5
HL-10-08-B-1C,MLK-73-991209-5
HL-10-08-B-2B,MLK-F6-939BD8-7
HL-10-08-B-2C,MLK-41-28A42D-D
HL-10-08-B-3B,MLK-78-F5C734-9
HL-10-08-B-3C,MLK-D6-551EA9-0
HL-10-08-B-4B,MLK-5E-04716C-C
HL-10-08-B-4C,PHF-11-11297-3
HL-10-08-F-1A,MLK-A7-54B099-A
HL-10-08-F-1B,MLK-6F-020F6F-3
HL-10-08-F-2A,PHF-11-10031-3
HL-10-08-F-2B,MLK-5B-206FF8-C
HL-10-08-F-3A,MLK-DA-E0DFCE-C
HL-10-08-F-3B,PHF-11-11293-3
HL-10-08-F-4A,PHF-11-50154-3
HL-10-08-F-4B,BAK-00-10010-5
HL-10-08-F-5A,PHF-11-138325-3
HL-10-08-F-6A,PHF-11-10882-3
HL-10-08-F-6B,MLK-1B-9BAC52-F
HL-10-08-F-7A,MLK-6E-2BBF62-C
HL-10-08-F-7B,MLK-CC-3A5C73-F
HL-10-08-F-8B,MLK-E5-6F93BF-8
HL-10-09-B-1B,MLK-92-8C354B-3
HL-10-09-B-1C,MLK-BA-85F903-E
HL-10-09-B-2B,MLK-80-1F5FB0-F
HL-10-09-B-2C,BAK-00-132772-5
HL-10-09-B-3B,MLK-FC-908A17-E
HL-10-09-B-3C,PHF-11-11292-3
HL-10-09-B-4B,MLK-B7-7A1D72-F
HL-10-09-B-4C,MLK-6A-2AB4EE-4
HL-10-09-F-1A,PHF-11-10024-3
HL-10-09-F-1B,MLK-BB-760ACA-9
HL-10-09-F-2A,MLK-31-E27063-7
HL-10-09-F-2B,MLK-AF-C358BE-8
HL-10-09-F-3A,BAK-00-128883-3
HL-10-09-F-3B,PHF-11-10036-3
HL-10-09-F-4A,PHF-11-50154-3
HL-10-09-F-4B,PHF-11-10255-3
HL-10-09-F-5A,MLK-14-3302B9-1
HL-10-09-F-6A,PHF-11-154742-3
HL-10-09-F-6B,PHF-11-10288-3
HL-10-09-F-7A,MLK-1F-6998AD-1
HL-10-09-F-7B,MLK-59-4C7207-9
HL-10-09-F-8B,MLK-42-C1434A-6
HL-10-10-B-1B,MLK-7B-A271BA-7
HL-10-10-B-1C,MLK-C4-C1A018-3
HL-10-10-B-2B,MLK-26-171138-9
HL-10-10-B-2C,MLK-11-2AE0DD-9
HL-10-10-B-3B,BAK-00-10009-5
HL-10-10-B-3C,MLK-2C-279954-F
HL-10-10-B-4B,PRO-11-146318-5
HL-10-10-B-4C,BAK-00-004037-5
HL-10-10-F-1A,MLK-14-3302B9-1
HL-10-10-F-1B,MLK-D9-09796B-3
HL-10-10-F-2A,PHF-11-10024-3
HL-10-10-F-2B,MLK-92-B99AAF-5
HL-10-10-F-3A,PHF-11-10036-3
HL-10-10-F-3B,MLK-B7-7A1D72-F
HL-10-10-F-4A,PHF-11-50154-3
HL-10-10-F-4B,PHF-11-10288-3
HL-10-10-F-5A,MLK-80-B9E676-6
HL-10-10-F-6A,PHF-11-154742-3
HL-10-10-F-6B,MLK-59-4C7207-9
HL-10-10-F-7A,MLK-1F-6998AD-1
HL-10-10-F-7B,MLK-BB-760ACA-9
HL-10-10-F-8B,MLK-F7-57C0C9-0
HL-10-11-B-1B,MLK-09-2AC890-F
HL-10-11-B-1C,MLK-25-4CD5BF-B
HL-10-11-B-2B,MLK-50-2474CF-C
HL-10-11-B-2C,MLK-FC-D44FBF-B
HL-10-11-B-3B,MLK-3E-AEAF92-9
HL-10-11-B-3C,MLK-3A-435E4F-2
HL-10-11-B-4B,MLK-65-0F27CF-8
HL-10-11-B-4C,PHF-11-11290-3
HL-10-11-F-1A,PHF-11-10255-3
HL-10-11-F-1B,MLK-E3-F3F89F-A
HL-10-11-F-2A,MLK-80-FB5472-7
HL-10-11-F-2B,MLK-AB-C3972C-D
HL-10-11-F-3A,PHF-11-10036-3
HL-10-11-F-3B,MLK-E8-7F0A6A-7
HL-10-11-F-4A,PHF-11-154742-3
HL-10-11-F-4B,MLK-1B-85B860-F
HL-10-11-F-5A,MLK-75-C16D0F-8
HL-10-11-F-6A,PHF-11-10167-3
HL-10-11-F-6B,MLK-A1-4F696F-F
HL-10-11-F-7A,PHF-11-10931-3
HL-10-11-F-7B,MLK-BC-DA353B-0
HL-10-11-F-8B,MLK-D9-09796B-3
HL-10-12-B-1B,PTN-00-50231-5
HL-10-12-B-1C,MLK-CD-247A92-B
HL-10-12-B-2B,MLK-02-58914D-2
HL-10-12-B-2C,MLK-51-80D1F7-E
HL-10-12-B-3B,MLK-18-1A1568-0
HL-10-12-B-3C,PHF-11-10031-3
HL-10-12-B-4B,MLK-EE-63C3E1-8
HL-10-12-B-4C,MLK-80-B9E676-6
HL-10-12-F-1A,MLK-4E-894683-3
HL-10-12-F-1B,MLK-6A-432793-4
HL-10-12-F-2A,MLK-BE-907BD5-E
HL-10-12-F-2B,MLK-80-FB5472-7
HL-10-12-F-3A,PHF-11-10036-3
HL-10-12-F-3B,PHF-11-10288-3
HL-10-12-F-4A,PHF-11-50154-3
HL-10-12-F-4B,MLK-6E-2BBF62-C
HL-10-12-F-5A,MLK-2C-7D2D1B-1
HL-10-12-F-6A,PHF-11-10882-3
HL-10-12-F-6B,MLK-A7-54B099-A
HL-10-12-F-7A,MLK-DA-E0DFCE-C
HL-10-12-F-7B,BAK-00-10010-5
HL-10-12-F-8B,MLK-86-2BE171-7
BOL-CP-01-01-3A,PCK-00-103488-5
BOL-CP-01-02-3A,PCK-00-103488-5
BOL-CP-01-04-4A,PCK-00-103488-5
BOL-CP-01-05-4A,PCK-00-103488-5
BOL-CP-02-01-3A,PCK-00-103488-5
BOL-CP-02-02-3A,PCK-00-103488-5
BOL-CP-02-04-4A,PCK-00-103488-5
BOL-CP-02-05-4A,PCK-00-103488-5
BOL-CP-01-01-2A,PCK-00-103487-5
BOL-CP-01-02-2A,PCK-00-103487-5
BOL-CP-01-04-1A,PCK-00-103487-5
BOL-CP-01-05-1A,PCK-00-103487-5
BOL-CP-02-01-2A,PCK-00-103487-5
BOL-CP-02-02-2A,PCK-00-103487-5
BOL-CP-02-04-1A,PCK-00-103487-5
BOL-CP-02-05-1A,PCK-00-103487-5
BOL-CP-01-01-1A,PCK-00-103486-5
BOL-CP-01-02-1A,PCK-00-103486-5
BOL-CP-01-04-2A,PCK-00-103486-5
BOL-CP-01-05-2A,PCK-00-103486-5
BOL-CP-02-01-1A,PCK-00-103486-5
BOL-CP-02-02-1A,PCK-00-103486-5
BOL-CP-02-04-2A,PCK-00-103486-5
BOL-CP-02-05-2A,PCK-00-103486-5
BOL-CP-01-02-1B,PCK-00-102747-5
BOL-CP-01-05-2B,PCK-00-102747-5
BOL-CP-02-02-1B,PCK-00-102747-5
BOL-CP-02-05-2B,PCK-00-102747-5
BOL-CP-01-01-2B,PCK-00-102747-5
BOL-CP-01-04-1B,PCK-00-102747-5
BOL-CP-02-01-2B,PCK-00-102747-5
BOL-CP-02-04-1B,PCK-00-102747-5
BOL-CP-01-01-4A,PCK-00-102748-5
BOL-CP-01-02-4A,PCK-00-102748-5
BOL-CP-01-04-3A,PCK-00-102748-5
BOL-CP-01-05-3A,PCK-00-102748-5
BOL-CP-02-01-4A,PCK-00-102748-5
BOL-CP-02-02-4A,PCK-00-102748-5
BOL-CP-02-04-3A,PCK-00-102748-5
BOL-CP-02-05-3A,PCK-00-102748-5
BOL-CP-01-01-1B,PCK-00-102749-5
BOL-CP-01-04-2B,PCK-00-102749-5
BOL-CP-02-01-1B,PCK-00-102749-5
BOL-CP-02-04-2B,PCK-00-102749-5
BOL-CP-01-02-2B,PCK-00-102749-5
BOL-CP-01-05-1B,PCK-00-102749-5
BOL-CP-02-02-2B,PCK-00-102749-5
BOL-CP-02-05-1B,PCK-00-102749-5
BL01-1-B,PTN-11-150407-2
BL01-2-B,PTN-11-149157-2
BL01-1-A,PTN-11-149158-2
BL01-2-A,PCK-00-115352-1
BL02-2-B,PTN-11-149158-2
BL02-1-A,PCK-00-115352-1
BL02-2-A,PTN-11-149165-2
BL03-1-B,PTN-11-149167-2
BL03-2-B,PTN-11-149158-2
BL03-1-A,PTN-11-150406-2
BL03-2-A,PCK-00-115352-1
BL04-1-B,PTN-11-128514-2
BL04-2-B,PTN-11-168232-2
BL04-1-A,PCK-00-115352-1
BL04-2-A,PTN-11-149156-2
BL05-1-B,PTN-00-138889-3
BL05-2-B,PTN-11-149158-2
BL05-1-A,PTN-11-149165-2
BL05-2-A,PCK-00-115352-1
BL06-1-B,PTN-11-168231-2
BL06-2-B,PTN-11-149157-2
BL06-1-A,PCK-00-115352-1
BL06-2-A,PTN-11-149166-2
BL07-2-B,PTN-11-149155-2
BL07-1-A,PTN-11-149158-2
BL07-2-A,PCK-00-115352-1
BL08-1-B,PTN-00-138887-3
BL08-2-B,PTN-11-149158-2
BL08-1-A,PCK-00-115352-1
BL08-2-A,PTN-11-128513-2
HL-07-11-F-5B,PRO-11-122783-5
HL-07-12-F-5B,MLK-2B-A4DBEC-3
HL-09-11-F-5B,PRO-11-122783-5
HL-09-12-F-5B,MLK-2B-A4DBEC-3